0000001066;scans;0000000054;DataLength
"header";0000000019;"lines"
"Date";28.11.2022;"Time";14:17:47
"ID";"HAL 7 RC RGA 100 #13407";"Version";4
"Scans";1
"Scan ID";"Mode";"Input";"Scanned";"Start";"Stop";"Increment";"Dwell";"Settle";"RS";"RelSEM"
"Scan 1";"RGA";"Total";"mass";10,00;50,00;1,00;100,000%;100,000%;1,000000;1,000000;
"Environment";
"Global";"RGA"
"F1";1;"( 1 = on, 0 = off )"
"F2";0;"( 1 = on, 0 = off )"
"cage";3,0;"V"
"delta-m";0;"%"
"electron-energy";70,0;"V"
"emission";1000,000;"uA"
"focus";-90;"V"
"mass";18,00;"amu"
"mode-change-delay";1000;"ms"
"resolution";0;"%"
"Data";1
"Cycle";"Time";"ms";"mass amu";"Total torr"
0000000001;00:00:01;0000001001;  10,00;  1,31284e-07
0000000001;00:00:01;0000001001;  11,00;  1,31418e-07
0000000001;00:00:01;0000001001;  12,00;  1,30947e-07
0000000001;00:00:01;0000001001;  13,00;  1,31552e-07
0000000001;00:00:01;0000001001;  14,00;  1,31284e-07
0000000001;00:00:01;0000001001;  15,00;  1,31015e-07
0000000001;00:00:01;0000001001;  16,00;  1,31418e-07
0000000001;00:00:01;0000001001;  17,00;  1,31284e-07
0000000001;00:00:01;0000001001;  18,00;  1,31552e-07
0000000001;00:00:01;0000001001;  19,00;  1,31418e-07
0000000001;00:00:01;0000001001;  20,00;  1,31552e-07
0000000001;00:00:01;0000001001;  21,00;  1,31753e-07
0000000001;00:00:01;0000001001;  22,00;  1,31753e-07
0000000001;00:00:01;0000001001;  23,00;  1,31350e-07
0000000001;00:00:01;0000001001;  24,00;  1,31956e-07
0000000001;00:00:01;0000001001;  25,00;  1,31821e-07
0000000001;00:00:01;0000001001;  26,00;  1,31418e-07
0000000001;00:00:01;0000001001;  27,00;  1,31485e-07
0000000001;00:00:01;0000001001;  28,00;  1,31687e-07
0000000001;00:00:01;0000001001;  29,00;  1,31216e-07
0000000001;00:00:01;0000001001;  30,00;  1,31418e-07
0000000001;00:00:01;0000001001;  31,00;  1,31619e-07
0000000001;00:00:01;0000001001;  32,00;  1,31552e-07
0000000001;00:00:01;0000001001;  33,00;  1,31418e-07
0000000001;00:00:01;0000001001;  34,00;  1,31821e-07
0000000001;00:00:01;0000001001;  35,00;  1,31821e-07
0000000001;00:00:01;0000001001;  36,00;  1,31888e-07
0000000001;00:00:01;0000001001;  37,00;  1,31284e-07
0000000001;00:00:01;0000001001;  38,00;  1,31552e-07
0000000001;00:00:01;0000001001;  39,00;  1,31956e-07
0000000001;00:00:01;0000001001;  40,00;  1,31956e-07
0000000001;00:00:01;0000001001;  41,00;  1,31956e-07
0000000001;00:00:01;0000001001;  42,00;  1,31753e-07
0000000001;00:00:01;0000001001;  43,00;  1,32425e-07
0000000001;00:00:01;0000001001;  44,00;  1,32291e-07
0000000001;00:00:01;0000001001;  45,00;  1,31821e-07
0000000001;00:00:01;0000001001;  46,00;  1,31956e-07
0000000001;00:00:01;0000001001;  47,00;  1,32224e-07
0000000001;00:00:01;0000001001;  48,00;  1,31687e-07
0000000001;00:00:01;0000001001;  49,00;  1,31485e-07
0000000001;00:00:01;0000001001;  50,00;  1,32224e-07
0000000002;00:00:01;0000001907;  10,00;  1,30746e-07
0000000002;00:00:01;0000001907;  11,00;  1,31216e-07
0000000002;00:00:01;0000001907;  12,00;  1,31015e-07
0000000002;00:00:01;0000001907;  13,00;  1,30947e-07
0000000002;00:00:01;0000001907;  14,00;  1,31350e-07
0000000002;00:00:01;0000001907;  15,00;  1,31687e-07
0000000002;00:00:01;0000001907;  16,00;  1,31149e-07
0000000002;00:00:01;0000001907;  17,00;  1,31888e-07
0000000002;00:00:01;0000001907;  18,00;  1,31485e-07
0000000002;00:00:01;0000001907;  19,00;  1,31687e-07
0000000002;00:00:01;0000001907;  20,00;  1,31485e-07
0000000002;00:00:01;0000001907;  21,00;  1,31015e-07
0000000002;00:00:01;0000001907;  22,00;  1,31350e-07
0000000002;00:00:01;0000001907;  23,00;  1,31956e-07
0000000002;00:00:01;0000001907;  24,00;  1,31687e-07
0000000002;00:00:01;0000001907;  25,00;  1,31821e-07
0000000002;00:00:01;0000001907;  26,00;  1,32090e-07
0000000002;00:00:01;0000001907;  27,00;  1,31552e-07
0000000002;00:00:01;0000001907;  28,00;  1,32090e-07
0000000002;00:00:01;0000001907;  29,00;  1,31753e-07
0000000002;00:00:01;0000001907;  30,00;  1,31687e-07
0000000002;00:00:01;0000001907;  31,00;  1,32157e-07
0000000002;00:00:01;0000001907;  32,00;  1,31753e-07
0000000002;00:00:01;0000001907;  33,00;  1,31619e-07
0000000002;00:00:01;0000001907;  34,00;  1,32022e-07
0000000002;00:00:01;0000001907;  35,00;  1,31552e-07
0000000002;00:00:01;0000001907;  36,00;  1,32224e-07
0000000002;00:00:01;0000001907;  37,00;  1,32224e-07
0000000002;00:00:01;0000001907;  38,00;  1,31956e-07
0000000002;00:00:01;0000001907;  39,00;  1,32090e-07
0000000002;00:00:01;0000001907;  40,00;  1,31956e-07
0000000002;00:00:01;0000001907;  41,00;  1,31552e-07
0000000002;00:00:01;0000001907;  42,00;  1,31350e-07
0000000002;00:00:01;0000001907;  43,00;  1,32560e-07
0000000002;00:00:01;0000001907;  44,00;  1,31888e-07
0000000002;00:00:01;0000001907;  45,00;  1,31753e-07
0000000002;00:00:01;0000001907;  46,00;  1,32157e-07
0000000002;00:00:01;0000001907;  47,00;  1,32627e-07
0000000002;00:00:01;0000001907;  48,00;  1,32425e-07
0000000002;00:00:01;0000001907;  49,00;  1,32224e-07
0000000002;00:00:01;0000001907;  50,00;  1,32090e-07
0000000003;00:00:02;0000002812;  10,00;  1,31284e-07
0000000003;00:00:02;0000002812;  11,00;  1,31418e-07
0000000003;00:00:02;0000002812;  12,00;  1,32224e-07
0000000003;00:00:02;0000002812;  13,00;  1,32224e-07
0000000003;00:00:02;0000002812;  14,00;  1,31015e-07
0000000003;00:00:02;0000002812;  15,00;  1,31284e-07
0000000003;00:00:02;0000002812;  16,00;  1,32292e-07
0000000003;00:00:02;0000002812;  17,00;  1,32023e-07
0000000003;00:00:02;0000002812;  18,00;  1,31552e-07
0000000003;00:00:02;0000002812;  19,00;  1,31687e-07
0000000003;00:00:02;0000002812;  20,00;  1,32292e-07
0000000003;00:00:02;0000002812;  21,00;  1,32224e-07
0000000003;00:00:02;0000002812;  22,00;  1,32224e-07
0000000003;00:00:02;0000002812;  23,00;  1,31956e-07
0000000003;00:00:02;0000002812;  24,00;  1,32359e-07
0000000003;00:00:02;0000002812;  25,00;  1,32158e-07
0000000003;00:00:02;0000002812;  26,00;  1,32023e-07
0000000003;00:00:02;0000002812;  27,00;  1,32561e-07
0000000003;00:00:02;0000002812;  28,00;  1,32090e-07
0000000003;00:00:02;0000002812;  29,00;  1,32627e-07
0000000003;00:00:02;0000002812;  30,00;  1,32090e-07
0000000003;00:00:02;0000002812;  31,00;  1,32695e-07
0000000003;00:00:02;0000002812;  32,00;  1,32292e-07
0000000003;00:00:02;0000002812;  33,00;  1,32292e-07
0000000003;00:00:02;0000002812;  34,00;  1,32292e-07
0000000003;00:00:02;0000002812;  35,00;  1,32426e-07
0000000003;00:00:02;0000002812;  36,00;  1,31755e-07
0000000003;00:00:02;0000002812;  37,00;  1,32627e-07
0000000003;00:00:02;0000002812;  38,00;  1,32359e-07
0000000003;00:00:02;0000002812;  39,00;  1,32426e-07
0000000003;00:00:02;0000002812;  40,00;  1,32224e-07
0000000003;00:00:02;0000002812;  41,00;  1,32090e-07
0000000003;00:00:02;0000002812;  42,00;  1,32762e-07
0000000003;00:00:02;0000002812;  43,00;  1,32426e-07
0000000003;00:00:02;0000002812;  44,00;  1,32158e-07
0000000003;00:00:02;0000002812;  45,00;  1,32224e-07
0000000003;00:00:02;0000002812;  46,00;  1,32359e-07
0000000003;00:00:02;0000002812;  47,00;  1,32426e-07
0000000003;00:00:02;0000002812;  48,00;  1,32426e-07
0000000003;00:00:02;0000002812;  49,00;  1,32627e-07
0000000003;00:00:02;0000002812;  50,00;  1,32627e-07
0000000004;00:00:03;0000003718;  10,00;  1,32090e-07
0000000004;00:00:03;0000003718;  11,00;  1,32090e-07
0000000004;00:00:03;0000003718;  12,00;  1,32493e-07
0000000004;00:00:03;0000003718;  13,00;  1,32560e-07
0000000004;00:00:03;0000003718;  14,00;  1,32359e-07
0000000004;00:00:03;0000003718;  15,00;  1,32291e-07
0000000004;00:00:03;0000003718;  16,00;  1,32560e-07
0000000004;00:00:03;0000003718;  17,00;  1,32291e-07
0000000004;00:00:03;0000003718;  18,00;  1,32157e-07
0000000004;00:00:03;0000003718;  19,00;  1,32090e-07
0000000004;00:00:03;0000003718;  20,00;  1,32896e-07
0000000004;00:00:03;0000003718;  21,00;  1,32224e-07
0000000004;00:00:03;0000003718;  22,00;  1,32224e-07
0000000004;00:00:03;0000003718;  23,00;  1,32425e-07
0000000004;00:00:03;0000003718;  24,00;  1,32828e-07
0000000004;00:00:03;0000003718;  25,00;  1,32896e-07
0000000004;00:00:03;0000003718;  26,00;  1,32291e-07
0000000004;00:00:03;0000003718;  27,00;  1,32090e-07
0000000004;00:00:03;0000003718;  28,00;  1,32762e-07
0000000004;00:00:03;0000003718;  29,00;  1,32762e-07
0000000004;00:00:03;0000003718;  30,00;  1,32022e-07
0000000004;00:00:03;0000003718;  31,00;  1,32627e-07
0000000004;00:00:03;0000003718;  32,00;  1,33232e-07
0000000004;00:00:03;0000003718;  33,00;  1,32560e-07
0000000004;00:00:03;0000003718;  34,00;  1,32560e-07
0000000004;00:00:03;0000003718;  35,00;  1,32627e-07
0000000004;00:00:03;0000003718;  36,00;  1,32762e-07
0000000004;00:00:03;0000003718;  37,00;  1,32627e-07
0000000004;00:00:03;0000003718;  38,00;  1,32291e-07
0000000004;00:00:03;0000003718;  39,00;  1,33031e-07
0000000004;00:00:03;0000003718;  40,00;  1,32694e-07
0000000004;00:00:03;0000003718;  41,00;  1,33031e-07
0000000004;00:00:03;0000003718;  42,00;  1,32828e-07
0000000004;00:00:03;0000003718;  43,00;  1,32560e-07
0000000004;00:00:03;0000003718;  44,00;  1,32694e-07
0000000004;00:00:03;0000003718;  45,00;  1,32560e-07
0000000004;00:00:03;0000003718;  46,00;  1,32493e-07
0000000004;00:00:03;0000003718;  47,00;  1,32762e-07
0000000004;00:00:03;0000003718;  48,00;  1,32694e-07
0000000004;00:00:03;0000003718;  49,00;  1,32694e-07
0000000004;00:00:03;0000003718;  50,00;  1,32896e-07
0000000005;00:00:04;0000004623;  10,00;  1,33165e-07
0000000005;00:00:04;0000004623;  11,00;  1,32762e-07
0000000005;00:00:04;0000004623;  12,00;  1,33232e-07
0000000005;00:00:04;0000004623;  13,00;  1,33097e-07
0000000005;00:00:04;0000004623;  14,00;  1,32694e-07
0000000005;00:00:04;0000004623;  15,00;  1,33299e-07
0000000005;00:00:04;0000004623;  16,00;  1,33097e-07
0000000005;00:00:04;0000004623;  17,00;  1,33366e-07
0000000005;00:00:04;0000004623;  18,00;  1,32963e-07
0000000005;00:00:04;0000004623;  19,00;  1,33568e-07
0000000005;00:00:04;0000004623;  20,00;  1,33232e-07
0000000005;00:00:04;0000004623;  21,00;  1,33299e-07
0000000005;00:00:04;0000004623;  22,00;  1,32963e-07
0000000005;00:00:04;0000004623;  23,00;  1,33635e-07
0000000005;00:00:04;0000004623;  24,00;  1,33097e-07
0000000005;00:00:04;0000004623;  25,00;  1,33837e-07
0000000005;00:00:04;0000004623;  26,00;  1,32828e-07
0000000005;00:00:04;0000004623;  27,00;  1,33232e-07
0000000005;00:00:04;0000004623;  28,00;  1,32963e-07
0000000005;00:00:04;0000004623;  29,00;  1,33434e-07
0000000005;00:00:04;0000004623;  30,00;  1,32896e-07
0000000005;00:00:04;0000004623;  31,00;  1,33299e-07
0000000005;00:00:04;0000004623;  32,00;  1,33434e-07
0000000005;00:00:04;0000004623;  33,00;  1,33568e-07
0000000005;00:00:04;0000004623;  34,00;  1,33232e-07
0000000005;00:00:04;0000004623;  35,00;  1,33097e-07
0000000005;00:00:04;0000004623;  36,00;  1,33971e-07
0000000005;00:00:04;0000004623;  37,00;  1,33299e-07
0000000005;00:00:04;0000004623;  38,00;  1,33366e-07
0000000005;00:00:04;0000004623;  39,00;  1,33366e-07
0000000005;00:00:04;0000004623;  40,00;  1,33837e-07
0000000005;00:00:04;0000004623;  41,00;  1,33366e-07
0000000005;00:00:04;0000004623;  42,00;  1,33434e-07
0000000005;00:00:04;0000004623;  43,00;  1,33500e-07
0000000005;00:00:04;0000004623;  44,00;  1,33568e-07
0000000005;00:00:04;0000004623;  45,00;  1,33568e-07
0000000005;00:00:04;0000004623;  46,00;  1,33299e-07
0000000005;00:00:04;0000004623;  47,00;  1,33232e-07
0000000005;00:00:04;0000004623;  48,00;  1,33568e-07
0000000005;00:00:04;0000004623;  49,00;  1,32963e-07
0000000005;00:00:04;0000004623;  50,00;  1,33299e-07
0000000006;00:00:05;0000005529;  10,00;  1,32694e-07
0000000006;00:00:05;0000005529;  11,00;  1,33097e-07
0000000006;00:00:05;0000005529;  12,00;  1,33097e-07
0000000006;00:00:05;0000005529;  13,00;  1,33031e-07
0000000006;00:00:05;0000005529;  14,00;  1,33165e-07
0000000006;00:00:05;0000005529;  15,00;  1,32493e-07
0000000006;00:00:05;0000005529;  16,00;  1,33232e-07
0000000006;00:00:05;0000005529;  17,00;  1,33232e-07
0000000006;00:00:05;0000005529;  18,00;  1,32896e-07
0000000006;00:00:05;0000005529;  19,00;  1,33232e-07
0000000006;00:00:05;0000005529;  20,00;  1,33232e-07
0000000006;00:00:05;0000005529;  21,00;  1,32896e-07
0000000006;00:00:05;0000005529;  22,00;  1,33500e-07
0000000006;00:00:05;0000005529;  23,00;  1,33366e-07
0000000006;00:00:05;0000005529;  24,00;  1,33568e-07
0000000006;00:00:05;0000005529;  25,00;  1,33635e-07
0000000006;00:00:05;0000005529;  26,00;  1,33232e-07
0000000006;00:00:05;0000005529;  27,00;  1,33366e-07
0000000006;00:00:05;0000005529;  28,00;  1,33434e-07
0000000006;00:00:05;0000005529;  29,00;  1,33500e-07
0000000006;00:00:05;0000005529;  30,00;  1,33097e-07
0000000006;00:00:05;0000005529;  31,00;  1,33635e-07
0000000006;00:00:05;0000005529;  32,00;  1,33434e-07
0000000006;00:00:05;0000005529;  33,00;  1,32896e-07
0000000006;00:00:05;0000005529;  34,00;  1,33097e-07
0000000006;00:00:05;0000005529;  35,00;  1,33769e-07
0000000006;00:00:05;0000005529;  36,00;  1,32828e-07
0000000006;00:00:05;0000005529;  37,00;  1,33702e-07
0000000006;00:00:05;0000005529;  38,00;  1,32963e-07
0000000006;00:00:05;0000005529;  39,00;  1,33366e-07
0000000006;00:00:05;0000005529;  40,00;  1,33366e-07
0000000006;00:00:05;0000005529;  41,00;  1,33635e-07
0000000006;00:00:05;0000005529;  42,00;  1,32627e-07
0000000006;00:00:05;0000005529;  43,00;  1,33097e-07
0000000006;00:00:05;0000005529;  44,00;  1,33165e-07
0000000006;00:00:05;0000005529;  45,00;  1,33971e-07
0000000006;00:00:05;0000005529;  46,00;  1,33232e-07
0000000006;00:00:05;0000005529;  47,00;  1,33097e-07
0000000006;00:00:05;0000005529;  48,00;  1,33568e-07
0000000006;00:00:05;0000005529;  49,00;  1,33299e-07
0000000006;00:00:05;0000005529;  50,00;  1,33165e-07
0000000007;00:00:06;0000006435;  10,00;  1,32694e-07
0000000007;00:00:06;0000006435;  11,00;  1,32694e-07
0000000007;00:00:06;0000006435;  12,00;  1,32963e-07
0000000007;00:00:06;0000006435;  13,00;  1,32762e-07
0000000007;00:00:06;0000006435;  14,00;  1,32560e-07
0000000007;00:00:06;0000006435;  15,00;  1,32627e-07
0000000007;00:00:06;0000006435;  16,00;  1,32694e-07
0000000007;00:00:06;0000006435;  17,00;  1,32828e-07
0000000007;00:00:06;0000006435;  18,00;  1,32425e-07
0000000007;00:00:06;0000006435;  19,00;  1,32425e-07
0000000007;00:00:06;0000006435;  20,00;  1,33165e-07
0000000007;00:00:06;0000006435;  21,00;  1,32359e-07
0000000007;00:00:06;0000006435;  22,00;  1,32627e-07
0000000007;00:00:06;0000006435;  23,00;  1,32493e-07
0000000007;00:00:06;0000006435;  24,00;  1,32828e-07
0000000007;00:00:06;0000006435;  25,00;  1,33031e-07
0000000007;00:00:06;0000006435;  26,00;  1,32963e-07
0000000007;00:00:06;0000006435;  27,00;  1,32425e-07
0000000007;00:00:06;0000006435;  28,00;  1,33299e-07
0000000007;00:00:06;0000006435;  29,00;  1,32963e-07
0000000007;00:00:06;0000006435;  30,00;  1,32627e-07
0000000007;00:00:06;0000006435;  31,00;  1,32560e-07
0000000007;00:00:06;0000006435;  32,00;  1,33031e-07
0000000007;00:00:06;0000006435;  33,00;  1,33097e-07
0000000007;00:00:06;0000006435;  34,00;  1,32627e-07
0000000007;00:00:06;0000006435;  35,00;  1,32896e-07
0000000007;00:00:06;0000006435;  36,00;  1,33500e-07
0000000007;00:00:06;0000006435;  37,00;  1,33031e-07
0000000007;00:00:06;0000006435;  38,00;  1,32896e-07
0000000007;00:00:06;0000006435;  39,00;  1,32694e-07
0000000007;00:00:06;0000006435;  40,00;  1,33232e-07
0000000007;00:00:06;0000006435;  41,00;  1,33097e-07
0000000007;00:00:06;0000006435;  42,00;  1,33031e-07
0000000007;00:00:06;0000006435;  43,00;  1,32828e-07
0000000007;00:00:06;0000006435;  44,00;  1,33232e-07
0000000007;00:00:06;0000006435;  45,00;  1,33434e-07
0000000007;00:00:06;0000006435;  46,00;  1,33031e-07
0000000007;00:00:06;0000006435;  47,00;  1,33165e-07
0000000007;00:00:06;0000006435;  48,00;  1,33165e-07
0000000007;00:00:06;0000006435;  49,00;  1,33299e-07
0000000007;00:00:06;0000006435;  50,00;  1,33097e-07
0000000008;00:00:07;0000007340;  10,00;  1,33097e-07
0000000008;00:00:07;0000007340;  11,00;  1,32896e-07
0000000008;00:00:07;0000007340;  12,00;  1,33500e-07
0000000008;00:00:07;0000007340;  13,00;  1,33232e-07
0000000008;00:00:07;0000007340;  14,00;  1,33635e-07
0000000008;00:00:07;0000007340;  15,00;  1,33500e-07
0000000008;00:00:07;0000007340;  16,00;  1,33500e-07
0000000008;00:00:07;0000007340;  17,00;  1,33500e-07
0000000008;00:00:07;0000007340;  18,00;  1,33165e-07
0000000008;00:00:07;0000007340;  19,00;  1,33568e-07
0000000008;00:00:07;0000007340;  20,00;  1,33366e-07
0000000008;00:00:07;0000007340;  21,00;  1,33568e-07
0000000008;00:00:07;0000007340;  22,00;  1,33299e-07
0000000008;00:00:07;0000007340;  23,00;  1,33635e-07
0000000008;00:00:07;0000007340;  24,00;  1,33500e-07
0000000008;00:00:07;0000007340;  25,00;  1,33097e-07
0000000008;00:00:07;0000007340;  26,00;  1,33434e-07
0000000008;00:00:07;0000007340;  27,00;  1,33299e-07
0000000008;00:00:07;0000007340;  28,00;  1,33097e-07
0000000008;00:00:07;0000007340;  29,00;  1,33500e-07
0000000008;00:00:07;0000007340;  30,00;  1,33434e-07
0000000008;00:00:07;0000007340;  31,00;  1,33299e-07
0000000008;00:00:07;0000007340;  32,00;  1,32963e-07
0000000008;00:00:07;0000007340;  33,00;  1,33568e-07
0000000008;00:00:07;0000007340;  34,00;  1,33500e-07
0000000008;00:00:07;0000007340;  35,00;  1,33837e-07
0000000008;00:00:07;0000007340;  36,00;  1,33769e-07
0000000008;00:00:07;0000007340;  37,00;  1,33971e-07
0000000008;00:00:07;0000007340;  38,00;  1,33500e-07
0000000008;00:00:07;0000007340;  39,00;  1,33769e-07
0000000008;00:00:07;0000007340;  40,00;  1,33702e-07
0000000008;00:00:07;0000007340;  41,00;  1,33702e-07
0000000008;00:00:07;0000007340;  42,00;  1,33903e-07
0000000008;00:00:07;0000007340;  43,00;  1,33769e-07
0000000008;00:00:07;0000007340;  44,00;  1,34374e-07
0000000008;00:00:07;0000007340;  45,00;  1,33769e-07
0000000008;00:00:07;0000007340;  46,00;  1,33702e-07
0000000008;00:00:07;0000007340;  47,00;  1,33434e-07
0000000008;00:00:07;0000007340;  48,00;  1,34172e-07
0000000008;00:00:07;0000007340;  49,00;  1,33837e-07
0000000008;00:00:07;0000007340;  50,00;  1,33500e-07
0000000009;00:00:08;0000008246;  10,00;  1,32964e-07
0000000009;00:00:08;0000008246;  11,00;  1,33568e-07
0000000009;00:00:08;0000008246;  12,00;  1,33636e-07
0000000009;00:00:08;0000008246;  13,00;  1,33568e-07
0000000009;00:00:08;0000008246;  14,00;  1,33367e-07
0000000009;00:00:08;0000008246;  15,00;  1,33233e-07
0000000009;00:00:08;0000008246;  16,00;  1,33434e-07
0000000009;00:00:08;0000008246;  17,00;  1,33837e-07
0000000009;00:00:08;0000008246;  18,00;  1,33568e-07
0000000009;00:00:08;0000008246;  19,00;  1,33702e-07
0000000009;00:00:08;0000008246;  20,00;  1,33702e-07
0000000009;00:00:08;0000008246;  21,00;  1,34106e-07
0000000009;00:00:08;0000008246;  22,00;  1,33031e-07
0000000009;00:00:08;0000008246;  23,00;  1,33165e-07
0000000009;00:00:08;0000008246;  24,00;  1,34039e-07
0000000009;00:00:08;0000008246;  25,00;  1,33770e-07
0000000009;00:00:08;0000008246;  26,00;  1,33367e-07
0000000009;00:00:08;0000008246;  27,00;  1,33770e-07
0000000009;00:00:08;0000008246;  28,00;  1,33636e-07
0000000009;00:00:08;0000008246;  29,00;  1,33568e-07
0000000009;00:00:08;0000008246;  30,00;  1,33636e-07
0000000009;00:00:08;0000008246;  31,00;  1,33568e-07
0000000009;00:00:08;0000008246;  32,00;  1,33702e-07
0000000009;00:00:08;0000008246;  33,00;  1,33905e-07
0000000009;00:00:08;0000008246;  34,00;  1,33770e-07
0000000009;00:00:08;0000008246;  35,00;  1,33568e-07
0000000009;00:00:08;0000008246;  36,00;  1,33770e-07
0000000009;00:00:08;0000008246;  37,00;  1,34442e-07
0000000009;00:00:08;0000008246;  38,00;  1,33770e-07
0000000009;00:00:08;0000008246;  39,00;  1,33971e-07
0000000009;00:00:08;0000008246;  40,00;  1,33568e-07
0000000009;00:00:08;0000008246;  41,00;  1,34106e-07
0000000009;00:00:08;0000008246;  42,00;  1,34039e-07
0000000009;00:00:08;0000008246;  43,00;  1,33702e-07
0000000009;00:00:08;0000008246;  44,00;  1,33702e-07
0000000009;00:00:08;0000008246;  45,00;  1,33905e-07
0000000009;00:00:08;0000008246;  46,00;  1,33636e-07
0000000009;00:00:08;0000008246;  47,00;  1,33971e-07
0000000009;00:00:08;0000008246;  48,00;  1,33905e-07
0000000009;00:00:08;0000008246;  49,00;  1,34039e-07
0000000009;00:00:08;0000008246;  50,00;  1,33233e-07
0000000010;00:00:09;0000009152;  10,00;  1,33031e-07
0000000010;00:00:09;0000009152;  11,00;  1,33097e-07
0000000010;00:00:09;0000009152;  12,00;  1,33500e-07
0000000010;00:00:09;0000009152;  13,00;  1,33568e-07
0000000010;00:00:09;0000009152;  14,00;  1,33299e-07
0000000010;00:00:09;0000009152;  15,00;  1,33702e-07
0000000010;00:00:09;0000009152;  16,00;  1,33165e-07
0000000010;00:00:09;0000009152;  17,00;  1,33434e-07
0000000010;00:00:09;0000009152;  18,00;  1,33635e-07
0000000010;00:00:09;0000009152;  19,00;  1,33366e-07
0000000010;00:00:09;0000009152;  20,00;  1,33769e-07
0000000010;00:00:09;0000009152;  21,00;  1,33702e-07
0000000010;00:00:09;0000009152;  22,00;  1,32963e-07
0000000010;00:00:09;0000009152;  23,00;  1,33500e-07
0000000010;00:00:09;0000009152;  24,00;  1,33366e-07
0000000010;00:00:09;0000009152;  25,00;  1,33635e-07
0000000010;00:00:09;0000009152;  26,00;  1,33568e-07
0000000010;00:00:09;0000009152;  27,00;  1,33500e-07
0000000010;00:00:09;0000009152;  28,00;  1,33769e-07
0000000010;00:00:09;0000009152;  29,00;  1,33971e-07
0000000010;00:00:09;0000009152;  30,00;  1,33702e-07
0000000010;00:00:09;0000009152;  31,00;  1,33500e-07
0000000010;00:00:09;0000009152;  32,00;  1,33568e-07
0000000010;00:00:09;0000009152;  33,00;  1,33702e-07
0000000010;00:00:09;0000009152;  34,00;  1,33635e-07
0000000010;00:00:09;0000009152;  35,00;  1,33500e-07
0000000010;00:00:09;0000009152;  36,00;  1,33837e-07
0000000010;00:00:09;0000009152;  37,00;  1,33702e-07
0000000010;00:00:09;0000009152;  38,00;  1,33434e-07
0000000010;00:00:09;0000009152;  39,00;  1,33971e-07
0000000010;00:00:09;0000009152;  40,00;  1,33702e-07
0000000010;00:00:09;0000009152;  41,00;  1,33702e-07
0000000010;00:00:09;0000009152;  42,00;  1,33366e-07
0000000010;00:00:09;0000009152;  43,00;  1,33500e-07
0000000010;00:00:09;0000009152;  44,00;  1,33971e-07
0000000010;00:00:09;0000009152;  45,00;  1,33769e-07
0000000010;00:00:09;0000009152;  46,00;  1,33635e-07
0000000010;00:00:09;0000009152;  47,00;  1,33500e-07
0000000010;00:00:09;0000009152;  48,00;  1,33434e-07
0000000010;00:00:09;0000009152;  49,00;  1,34038e-07
0000000010;00:00:09;0000009152;  50,00;  1,33232e-07
0000000011;00:00:10;0000010058;  10,00;  1,33165e-07
0000000011;00:00:10;0000010058;  11,00;  1,33098e-07
0000000011;00:00:10;0000010058;  12,00;  1,33434e-07
0000000011;00:00:10;0000010058;  13,00;  1,33434e-07
0000000011;00:00:10;0000010058;  14,00;  1,33367e-07
0000000011;00:00:10;0000010058;  15,00;  1,33434e-07
0000000011;00:00:10;0000010058;  16,00;  1,33098e-07
0000000011;00:00:10;0000010058;  17,00;  1,33568e-07
0000000011;00:00:10;0000010058;  18,00;  1,33434e-07
0000000011;00:00:10;0000010058;  19,00;  1,33367e-07
0000000011;00:00:10;0000010058;  20,00;  1,32896e-07
0000000011;00:00:10;0000010058;  21,00;  1,33770e-07
0000000011;00:00:10;0000010058;  22,00;  1,33501e-07
0000000011;00:00:10;0000010058;  23,00;  1,33434e-07
0000000011;00:00:10;0000010058;  24,00;  1,33501e-07
0000000011;00:00:10;0000010058;  25,00;  1,33434e-07
0000000011;00:00:10;0000010058;  26,00;  1,33434e-07
0000000011;00:00:10;0000010058;  27,00;  1,33702e-07
0000000011;00:00:10;0000010058;  28,00;  1,33770e-07
0000000011;00:00:10;0000010058;  29,00;  1,33770e-07
0000000011;00:00:10;0000010058;  30,00;  1,33501e-07
0000000011;00:00:10;0000010058;  31,00;  1,33568e-07
0000000011;00:00:10;0000010058;  32,00;  1,33434e-07
0000000011;00:00:10;0000010058;  33,00;  1,33568e-07
0000000011;00:00:10;0000010058;  34,00;  1,34173e-07
0000000011;00:00:10;0000010058;  35,00;  1,33568e-07
0000000011;00:00:10;0000010058;  36,00;  1,33568e-07
0000000011;00:00:10;0000010058;  37,00;  1,33837e-07
0000000011;00:00:10;0000010058;  38,00;  1,33568e-07
0000000011;00:00:10;0000010058;  39,00;  1,33837e-07
0000000011;00:00:10;0000010058;  40,00;  1,33702e-07
0000000011;00:00:10;0000010058;  41,00;  1,33971e-07
0000000011;00:00:10;0000010058;  42,00;  1,33568e-07
0000000011;00:00:10;0000010058;  43,00;  1,33233e-07
0000000011;00:00:10;0000010058;  44,00;  1,33837e-07
0000000011;00:00:10;0000010058;  45,00;  1,33501e-07
0000000011;00:00:10;0000010058;  46,00;  1,34039e-07
0000000011;00:00:10;0000010058;  47,00;  1,33434e-07
0000000011;00:00:10;0000010058;  48,00;  1,33837e-07
0000000011;00:00:10;0000010058;  49,00;  1,33702e-07
0000000011;00:00:10;0000010058;  50,00;  1,33770e-07
0000000012;00:00:10;0000010963;  10,00;  1,32896e-07
0000000012;00:00:10;0000010963;  11,00;  1,33165e-07
0000000012;00:00:10;0000010963;  12,00;  1,33165e-07
0000000012;00:00:10;0000010963;  13,00;  1,33636e-07
0000000012;00:00:10;0000010963;  14,00;  1,33434e-07
0000000012;00:00:10;0000010963;  15,00;  1,33636e-07
0000000012;00:00:10;0000010963;  16,00;  1,33367e-07
0000000012;00:00:10;0000010963;  17,00;  1,33636e-07
0000000012;00:00:10;0000010963;  18,00;  1,34240e-07
0000000012;00:00:10;0000010963;  19,00;  1,33770e-07
0000000012;00:00:10;0000010963;  20,00;  1,33367e-07
0000000012;00:00:10;0000010963;  21,00;  1,33905e-07
0000000012;00:00:10;0000010963;  22,00;  1,33905e-07
0000000012;00:00:10;0000010963;  23,00;  1,33568e-07
0000000012;00:00:10;0000010963;  24,00;  1,33770e-07
0000000012;00:00:10;0000010963;  25,00;  1,33702e-07
0000000012;00:00:10;0000010963;  26,00;  1,33299e-07
0000000012;00:00:10;0000010963;  27,00;  1,33434e-07
0000000012;00:00:10;0000010963;  28,00;  1,33702e-07
0000000012;00:00:10;0000010963;  29,00;  1,33770e-07
0000000012;00:00:10;0000010963;  30,00;  1,33568e-07
0000000012;00:00:10;0000010963;  31,00;  1,33434e-07
0000000012;00:00:10;0000010963;  32,00;  1,33702e-07
0000000012;00:00:10;0000010963;  33,00;  1,33636e-07
0000000012;00:00:10;0000010963;  34,00;  1,33837e-07
0000000012;00:00:10;0000010963;  35,00;  1,33367e-07
0000000012;00:00:10;0000010963;  36,00;  1,33568e-07
0000000012;00:00:10;0000010963;  37,00;  1,33837e-07
0000000012;00:00:10;0000010963;  38,00;  1,33636e-07
0000000012;00:00:10;0000010963;  39,00;  1,33568e-07
0000000012;00:00:10;0000010963;  40,00;  1,33837e-07
0000000012;00:00:10;0000010963;  41,00;  1,34240e-07
0000000012;00:00:10;0000010963;  42,00;  1,33434e-07
0000000012;00:00:10;0000010963;  43,00;  1,33837e-07
0000000012;00:00:10;0000010963;  44,00;  1,33568e-07
0000000012;00:00:10;0000010963;  45,00;  1,33837e-07
0000000012;00:00:10;0000010963;  46,00;  1,33905e-07
0000000012;00:00:10;0000010963;  47,00;  1,33837e-07
0000000012;00:00:10;0000010963;  48,00;  1,33636e-07
0000000012;00:00:10;0000010963;  49,00;  1,33702e-07
0000000012;00:00:10;0000010963;  50,00;  1,33501e-07
0000000013;00:00:11;0000011869;  10,00;  1,33233e-07
0000000013;00:00:11;0000011869;  11,00;  1,33568e-07
0000000013;00:00:11;0000011869;  12,00;  1,33501e-07
0000000013;00:00:11;0000011869;  13,00;  1,33837e-07
0000000013;00:00:11;0000011869;  14,00;  1,33434e-07
0000000013;00:00:11;0000011869;  15,00;  1,33636e-07
0000000013;00:00:11;0000011869;  16,00;  1,33837e-07
0000000013;00:00:11;0000011869;  17,00;  1,33299e-07
0000000013;00:00:11;0000011869;  18,00;  1,33501e-07
0000000013;00:00:11;0000011869;  19,00;  1,34374e-07
0000000013;00:00:11;0000011869;  20,00;  1,33299e-07
0000000013;00:00:11;0000011869;  21,00;  1,33233e-07
0000000013;00:00:11;0000011869;  22,00;  1,33636e-07
0000000013;00:00:11;0000011869;  23,00;  1,33233e-07
0000000013;00:00:11;0000011869;  24,00;  1,33568e-07
0000000013;00:00:11;0000011869;  25,00;  1,33434e-07
0000000013;00:00:11;0000011869;  26,00;  1,33501e-07
0000000013;00:00:11;0000011869;  27,00;  1,33434e-07
0000000013;00:00:11;0000011869;  28,00;  1,33636e-07
0000000013;00:00:11;0000011869;  29,00;  1,33568e-07
0000000013;00:00:11;0000011869;  30,00;  1,33837e-07
0000000013;00:00:11;0000011869;  31,00;  1,33636e-07
0000000013;00:00:11;0000011869;  32,00;  1,33568e-07
0000000013;00:00:11;0000011869;  33,00;  1,33971e-07
0000000013;00:00:11;0000011869;  34,00;  1,34173e-07
0000000013;00:00:11;0000011869;  35,00;  1,33299e-07
0000000013;00:00:11;0000011869;  36,00;  1,34173e-07
0000000013;00:00:11;0000011869;  37,00;  1,33770e-07
0000000013;00:00:11;0000011869;  38,00;  1,33971e-07
0000000013;00:00:11;0000011869;  39,00;  1,33233e-07
0000000013;00:00:11;0000011869;  40,00;  1,33971e-07
0000000013;00:00:11;0000011869;  41,00;  1,33434e-07
0000000013;00:00:11;0000011869;  42,00;  1,33905e-07
0000000013;00:00:11;0000011869;  43,00;  1,33636e-07
0000000013;00:00:11;0000011869;  44,00;  1,33702e-07
0000000013;00:00:11;0000011869;  45,00;  1,33233e-07
0000000013;00:00:11;0000011869;  46,00;  1,33971e-07
0000000013;00:00:11;0000011869;  47,00;  1,33837e-07
0000000013;00:00:11;0000011869;  48,00;  1,33367e-07
0000000013;00:00:11;0000011869;  49,00;  1,33702e-07
0000000013;00:00:11;0000011869;  50,00;  1,33905e-07
0000000014;00:00:12;0000012775;  10,00;  1,33500e-07
0000000014;00:00:12;0000012775;  11,00;  1,33299e-07
0000000014;00:00:12;0000012775;  12,00;  1,33769e-07
0000000014;00:00:12;0000012775;  13,00;  1,33971e-07
0000000014;00:00:12;0000012775;  14,00;  1,33702e-07
0000000014;00:00:12;0000012775;  15,00;  1,33299e-07
0000000014;00:00:12;0000012775;  16,00;  1,34172e-07
0000000014;00:00:12;0000012775;  17,00;  1,34038e-07
0000000014;00:00:12;0000012775;  18,00;  1,33568e-07
0000000014;00:00:12;0000012775;  19,00;  1,33903e-07
0000000014;00:00:12;0000012775;  20,00;  1,33837e-07
0000000014;00:00:12;0000012775;  21,00;  1,33568e-07
0000000014;00:00:12;0000012775;  22,00;  1,33903e-07
0000000014;00:00:12;0000012775;  23,00;  1,33769e-07
0000000014;00:00:12;0000012775;  24,00;  1,33837e-07
0000000014;00:00:12;0000012775;  25,00;  1,33702e-07
0000000014;00:00:12;0000012775;  26,00;  1,34307e-07
0000000014;00:00:12;0000012775;  27,00;  1,34106e-07
0000000014;00:00:12;0000012775;  28,00;  1,34038e-07
0000000014;00:00:12;0000012775;  29,00;  1,34374e-07
0000000014;00:00:12;0000012775;  30,00;  1,34038e-07
0000000014;00:00:12;0000012775;  31,00;  1,33635e-07
0000000014;00:00:12;0000012775;  32,00;  1,34038e-07
0000000014;00:00:12;0000012775;  33,00;  1,34307e-07
0000000014;00:00:12;0000012775;  34,00;  1,33903e-07
0000000014;00:00:12;0000012775;  35,00;  1,34240e-07
0000000014;00:00:12;0000012775;  36,00;  1,33837e-07
0000000014;00:00:12;0000012775;  37,00;  1,34038e-07
0000000014;00:00:12;0000012775;  38,00;  1,34038e-07
0000000014;00:00:12;0000012775;  39,00;  1,33500e-07
0000000014;00:00:12;0000012775;  40,00;  1,34172e-07
0000000014;00:00:12;0000012775;  41,00;  1,34374e-07
0000000014;00:00:12;0000012775;  42,00;  1,33903e-07
0000000014;00:00:12;0000012775;  43,00;  1,33568e-07
0000000014;00:00:12;0000012775;  44,00;  1,34240e-07
0000000014;00:00:12;0000012775;  45,00;  1,34172e-07
0000000014;00:00:12;0000012775;  46,00;  1,33837e-07
0000000014;00:00:12;0000012775;  47,00;  1,33837e-07
0000000014;00:00:12;0000012775;  48,00;  1,33903e-07
0000000014;00:00:12;0000012775;  49,00;  1,34172e-07
0000000014;00:00:12;0000012775;  50,00;  1,34441e-07
0000000015;00:00:13;0000013680;  10,00;  1,33165e-07
0000000015;00:00:13;0000013680;  11,00;  1,33233e-07
0000000015;00:00:13;0000013680;  12,00;  1,33233e-07
0000000015;00:00:13;0000013680;  13,00;  1,33165e-07
0000000015;00:00:13;0000013680;  14,00;  1,33165e-07
0000000015;00:00:13;0000013680;  15,00;  1,33098e-07
0000000015;00:00:13;0000013680;  16,00;  1,33233e-07
0000000015;00:00:13;0000013680;  17,00;  1,33501e-07
0000000015;00:00:13;0000013680;  18,00;  1,33636e-07
0000000015;00:00:13;0000013680;  19,00;  1,33636e-07
0000000015;00:00:13;0000013680;  20,00;  1,33367e-07
0000000015;00:00:13;0000013680;  21,00;  1,32964e-07
0000000015;00:00:13;0000013680;  22,00;  1,33501e-07
0000000015;00:00:13;0000013680;  23,00;  1,33568e-07
0000000015;00:00:13;0000013680;  24,00;  1,33098e-07
0000000015;00:00:13;0000013680;  25,00;  1,33702e-07
0000000015;00:00:13;0000013680;  26,00;  1,33636e-07
0000000015;00:00:13;0000013680;  27,00;  1,32896e-07
0000000015;00:00:13;0000013680;  28,00;  1,33367e-07
0000000015;00:00:13;0000013680;  29,00;  1,33367e-07
0000000015;00:00:13;0000013680;  30,00;  1,33299e-07
0000000015;00:00:13;0000013680;  31,00;  1,33098e-07
0000000015;00:00:13;0000013680;  32,00;  1,33636e-07
0000000015;00:00:13;0000013680;  33,00;  1,33568e-07
0000000015;00:00:13;0000013680;  34,00;  1,33636e-07
0000000015;00:00:13;0000013680;  35,00;  1,33233e-07
0000000015;00:00:13;0000013680;  36,00;  1,33837e-07
0000000015;00:00:13;0000013680;  37,00;  1,33636e-07
0000000015;00:00:13;0000013680;  38,00;  1,33233e-07
0000000015;00:00:13;0000013680;  39,00;  1,33434e-07
0000000015;00:00:13;0000013680;  40,00;  1,33367e-07
0000000015;00:00:13;0000013680;  41,00;  1,34106e-07
0000000015;00:00:13;0000013680;  42,00;  1,33501e-07
0000000015;00:00:13;0000013680;  43,00;  1,33501e-07
0000000015;00:00:13;0000013680;  44,00;  1,33702e-07
0000000015;00:00:13;0000013680;  45,00;  1,33434e-07
0000000015;00:00:13;0000013680;  46,00;  1,33501e-07
0000000015;00:00:13;0000013680;  47,00;  1,33905e-07
0000000015;00:00:13;0000013680;  48,00;  1,33636e-07
0000000015;00:00:13;0000013680;  49,00;  1,33636e-07
0000000015;00:00:13;0000013680;  50,00;  1,33568e-07
0000000016;00:00:14;0000014586;  10,00;  1,33165e-07
0000000016;00:00:14;0000014586;  11,00;  1,33232e-07
0000000016;00:00:14;0000014586;  12,00;  1,33165e-07
0000000016;00:00:14;0000014586;  13,00;  1,33031e-07
0000000016;00:00:14;0000014586;  14,00;  1,33500e-07
0000000016;00:00:14;0000014586;  15,00;  1,33434e-07
0000000016;00:00:14;0000014586;  16,00;  1,33434e-07
0000000016;00:00:14;0000014586;  17,00;  1,32896e-07
0000000016;00:00:14;0000014586;  18,00;  1,33769e-07
0000000016;00:00:14;0000014586;  19,00;  1,33500e-07
0000000016;00:00:14;0000014586;  20,00;  1,33434e-07
0000000016;00:00:14;0000014586;  21,00;  1,33232e-07
0000000016;00:00:14;0000014586;  22,00;  1,33434e-07
0000000016;00:00:14;0000014586;  23,00;  1,33232e-07
0000000016;00:00:14;0000014586;  24,00;  1,33635e-07
0000000016;00:00:14;0000014586;  25,00;  1,33299e-07
0000000016;00:00:14;0000014586;  26,00;  1,33434e-07
0000000016;00:00:14;0000014586;  27,00;  1,33500e-07
0000000016;00:00:14;0000014586;  28,00;  1,33500e-07
0000000016;00:00:14;0000014586;  29,00;  1,33500e-07
0000000016;00:00:14;0000014586;  30,00;  1,33837e-07
0000000016;00:00:14;0000014586;  31,00;  1,33366e-07
0000000016;00:00:14;0000014586;  32,00;  1,33434e-07
0000000016;00:00:14;0000014586;  33,00;  1,33232e-07
0000000016;00:00:14;0000014586;  34,00;  1,32963e-07
0000000016;00:00:14;0000014586;  35,00;  1,33434e-07
0000000016;00:00:14;0000014586;  36,00;  1,33702e-07
0000000016;00:00:14;0000014586;  37,00;  1,33366e-07
0000000016;00:00:14;0000014586;  38,00;  1,33366e-07
0000000016;00:00:14;0000014586;  39,00;  1,33769e-07
0000000016;00:00:14;0000014586;  40,00;  1,33232e-07
0000000016;00:00:14;0000014586;  41,00;  1,33635e-07
0000000016;00:00:14;0000014586;  42,00;  1,33299e-07
0000000016;00:00:14;0000014586;  43,00;  1,33299e-07
0000000016;00:00:14;0000014586;  44,00;  1,33568e-07
0000000016;00:00:14;0000014586;  45,00;  1,33568e-07
0000000016;00:00:14;0000014586;  46,00;  1,32762e-07
0000000016;00:00:14;0000014586;  47,00;  1,33769e-07
0000000016;00:00:14;0000014586;  48,00;  1,33232e-07
0000000016;00:00:14;0000014586;  49,00;  1,33500e-07
0000000016;00:00:14;0000014586;  50,00;  1,33232e-07
0000000017;00:00:15;0000015471;  10,00;  1,32762e-07
0000000017;00:00:15;0000015471;  11,00;  1,33232e-07
0000000017;00:00:15;0000015471;  12,00;  1,33434e-07
0000000017;00:00:15;0000015471;  13,00;  1,33232e-07
0000000017;00:00:15;0000015471;  14,00;  1,33165e-07
0000000017;00:00:15;0000015471;  15,00;  1,33568e-07
0000000017;00:00:15;0000015471;  16,00;  1,33366e-07
0000000017;00:00:15;0000015471;  17,00;  1,33434e-07
0000000017;00:00:15;0000015471;  18,00;  1,33366e-07
0000000017;00:00:15;0000015471;  19,00;  1,33500e-07
0000000017;00:00:15;0000015471;  20,00;  1,33568e-07
0000000017;00:00:15;0000015471;  21,00;  1,33971e-07
0000000017;00:00:15;0000015471;  22,00;  1,33635e-07
0000000017;00:00:15;0000015471;  23,00;  1,33903e-07
0000000017;00:00:15;0000015471;  24,00;  1,33702e-07
0000000017;00:00:15;0000015471;  25,00;  1,33702e-07
0000000017;00:00:15;0000015471;  26,00;  1,33097e-07
0000000017;00:00:15;0000015471;  27,00;  1,33837e-07
0000000017;00:00:15;0000015471;  28,00;  1,33366e-07
0000000017;00:00:15;0000015471;  29,00;  1,33568e-07
0000000017;00:00:15;0000015471;  30,00;  1,33837e-07
0000000017;00:00:15;0000015471;  31,00;  1,33971e-07
0000000017;00:00:15;0000015471;  32,00;  1,33434e-07
0000000017;00:00:15;0000015471;  33,00;  1,33903e-07
0000000017;00:00:15;0000015471;  34,00;  1,33500e-07
0000000017;00:00:15;0000015471;  35,00;  1,33568e-07
0000000017;00:00:15;0000015471;  36,00;  1,33635e-07
0000000017;00:00:15;0000015471;  37,00;  1,33568e-07
0000000017;00:00:15;0000015471;  38,00;  1,34038e-07
0000000017;00:00:15;0000015471;  39,00;  1,33635e-07
0000000017;00:00:15;0000015471;  40,00;  1,33702e-07
0000000017;00:00:15;0000015471;  41,00;  1,32896e-07
0000000017;00:00:15;0000015471;  42,00;  1,33434e-07
0000000017;00:00:15;0000015471;  43,00;  1,33500e-07
0000000017;00:00:15;0000015471;  44,00;  1,33769e-07
0000000017;00:00:15;0000015471;  45,00;  1,33635e-07
0000000017;00:00:15;0000015471;  46,00;  1,33702e-07
0000000017;00:00:15;0000015471;  47,00;  1,33434e-07
0000000017;00:00:15;0000015471;  48,00;  1,33500e-07
0000000017;00:00:15;0000015471;  49,00;  1,33299e-07
0000000017;00:00:15;0000015471;  50,00;  1,33837e-07
0000000018;00:00:16;0000016377;  10,00;  1,32560e-07
0000000018;00:00:16;0000016377;  11,00;  1,33366e-07
0000000018;00:00:16;0000016377;  12,00;  1,33031e-07
0000000018;00:00:16;0000016377;  13,00;  1,33434e-07
0000000018;00:00:16;0000016377;  14,00;  1,33366e-07
0000000018;00:00:16;0000016377;  15,00;  1,33366e-07
0000000018;00:00:16;0000016377;  16,00;  1,32963e-07
0000000018;00:00:16;0000016377;  17,00;  1,33299e-07
0000000018;00:00:16;0000016377;  18,00;  1,32963e-07
0000000018;00:00:16;0000016377;  19,00;  1,33299e-07
0000000018;00:00:16;0000016377;  20,00;  1,33031e-07
0000000018;00:00:16;0000016377;  21,00;  1,33232e-07
0000000018;00:00:16;0000016377;  22,00;  1,33635e-07
0000000018;00:00:16;0000016377;  23,00;  1,33097e-07
0000000018;00:00:16;0000016377;  24,00;  1,33232e-07
0000000018;00:00:16;0000016377;  25,00;  1,33568e-07
0000000018;00:00:16;0000016377;  26,00;  1,33500e-07
0000000018;00:00:16;0000016377;  27,00;  1,33031e-07
0000000018;00:00:16;0000016377;  28,00;  1,33500e-07
0000000018;00:00:16;0000016377;  29,00;  1,33366e-07
0000000018;00:00:16;0000016377;  30,00;  1,33434e-07
0000000018;00:00:16;0000016377;  31,00;  1,33097e-07
0000000018;00:00:16;0000016377;  32,00;  1,33500e-07
0000000018;00:00:16;0000016377;  33,00;  1,32762e-07
0000000018;00:00:16;0000016377;  34,00;  1,33769e-07
0000000018;00:00:16;0000016377;  35,00;  1,33165e-07
0000000018;00:00:16;0000016377;  36,00;  1,33769e-07
0000000018;00:00:16;0000016377;  37,00;  1,33031e-07
0000000018;00:00:16;0000016377;  38,00;  1,33232e-07
0000000018;00:00:16;0000016377;  39,00;  1,33434e-07
0000000018;00:00:16;0000016377;  40,00;  1,33366e-07
0000000018;00:00:16;0000016377;  41,00;  1,33232e-07
0000000018;00:00:16;0000016377;  42,00;  1,32828e-07
0000000018;00:00:16;0000016377;  43,00;  1,33434e-07
0000000018;00:00:16;0000016377;  44,00;  1,33299e-07
0000000018;00:00:16;0000016377;  45,00;  1,33097e-07
0000000018;00:00:16;0000016377;  46,00;  1,33165e-07
0000000018;00:00:16;0000016377;  47,00;  1,33500e-07
0000000018;00:00:16;0000016377;  48,00;  1,33434e-07
0000000018;00:00:16;0000016377;  49,00;  1,33702e-07
0000000018;00:00:16;0000016377;  50,00;  1,32963e-07
0000000019;00:00:17;0000017261;  10,00;  1,33299e-07
0000000019;00:00:17;0000017261;  11,00;  1,32964e-07
0000000019;00:00:17;0000017261;  12,00;  1,33367e-07
0000000019;00:00:17;0000017261;  13,00;  1,32964e-07
0000000019;00:00:17;0000017261;  14,00;  1,32762e-07
0000000019;00:00:17;0000017261;  15,00;  1,32964e-07
0000000019;00:00:17;0000017261;  16,00;  1,33233e-07
0000000019;00:00:17;0000017261;  17,00;  1,32896e-07
0000000019;00:00:17;0000017261;  18,00;  1,33098e-07
0000000019;00:00:17;0000017261;  19,00;  1,32896e-07
0000000019;00:00:17;0000017261;  20,00;  1,33233e-07
0000000019;00:00:17;0000017261;  21,00;  1,33031e-07
0000000019;00:00:17;0000017261;  22,00;  1,33098e-07
0000000019;00:00:17;0000017261;  23,00;  1,33568e-07
0000000019;00:00:17;0000017261;  24,00;  1,33702e-07
0000000019;00:00:17;0000017261;  25,00;  1,33568e-07
0000000019;00:00:17;0000017261;  26,00;  1,33165e-07
0000000019;00:00:17;0000017261;  27,00;  1,33434e-07
0000000019;00:00:17;0000017261;  28,00;  1,33367e-07
0000000019;00:00:17;0000017261;  29,00;  1,33636e-07
0000000019;00:00:17;0000017261;  30,00;  1,33098e-07
0000000019;00:00:17;0000017261;  31,00;  1,33367e-07
0000000019;00:00:17;0000017261;  32,00;  1,33299e-07
0000000019;00:00:17;0000017261;  33,00;  1,33568e-07
0000000019;00:00:17;0000017261;  34,00;  1,33299e-07
0000000019;00:00:17;0000017261;  35,00;  1,33501e-07
0000000019;00:00:17;0000017261;  36,00;  1,32964e-07
0000000019;00:00:17;0000017261;  37,00;  1,32896e-07
0000000019;00:00:17;0000017261;  38,00;  1,32695e-07
0000000019;00:00:17;0000017261;  39,00;  1,33299e-07
0000000019;00:00:17;0000017261;  40,00;  1,33568e-07
0000000019;00:00:17;0000017261;  41,00;  1,33233e-07
0000000019;00:00:17;0000017261;  42,00;  1,33501e-07
0000000019;00:00:17;0000017261;  43,00;  1,33299e-07
0000000019;00:00:17;0000017261;  44,00;  1,33770e-07
0000000019;00:00:17;0000017261;  45,00;  1,33501e-07
0000000019;00:00:17;0000017261;  46,00;  1,32964e-07
0000000019;00:00:17;0000017261;  47,00;  1,33299e-07
0000000019;00:00:17;0000017261;  48,00;  1,33770e-07
0000000019;00:00:17;0000017261;  49,00;  1,33165e-07
0000000019;00:00:17;0000017261;  50,00;  1,33770e-07
0000000020;00:00:18;0000018167;  10,00;  1,32493e-07
0000000020;00:00:18;0000018167;  11,00;  1,32627e-07
0000000020;00:00:18;0000018167;  12,00;  1,32896e-07
0000000020;00:00:18;0000018167;  13,00;  1,33434e-07
0000000020;00:00:18;0000018167;  14,00;  1,32560e-07
0000000020;00:00:18;0000018167;  15,00;  1,33031e-07
0000000020;00:00:18;0000018167;  16,00;  1,33232e-07
0000000020;00:00:18;0000018167;  17,00;  1,32896e-07
0000000020;00:00:18;0000018167;  18,00;  1,32694e-07
0000000020;00:00:18;0000018167;  19,00;  1,33031e-07
0000000020;00:00:18;0000018167;  20,00;  1,33434e-07
0000000020;00:00:18;0000018167;  21,00;  1,33097e-07
0000000020;00:00:18;0000018167;  22,00;  1,33031e-07
0000000020;00:00:18;0000018167;  23,00;  1,33031e-07
0000000020;00:00:18;0000018167;  24,00;  1,33232e-07
0000000020;00:00:18;0000018167;  25,00;  1,33165e-07
0000000020;00:00:18;0000018167;  26,00;  1,33097e-07
0000000020;00:00:18;0000018167;  27,00;  1,32694e-07
0000000020;00:00:18;0000018167;  28,00;  1,33635e-07
0000000020;00:00:18;0000018167;  29,00;  1,33366e-07
0000000020;00:00:18;0000018167;  30,00;  1,32694e-07
0000000020;00:00:18;0000018167;  31,00;  1,33299e-07
0000000020;00:00:18;0000018167;  32,00;  1,33232e-07
0000000020;00:00:18;0000018167;  33,00;  1,33232e-07
0000000020;00:00:18;0000018167;  34,00;  1,32896e-07
0000000020;00:00:18;0000018167;  35,00;  1,33299e-07
0000000020;00:00:18;0000018167;  36,00;  1,33097e-07
0000000020;00:00:18;0000018167;  37,00;  1,33031e-07
0000000020;00:00:18;0000018167;  38,00;  1,33165e-07
0000000020;00:00:18;0000018167;  39,00;  1,33031e-07
0000000020;00:00:18;0000018167;  40,00;  1,32828e-07
0000000020;00:00:18;0000018167;  41,00;  1,33702e-07
0000000020;00:00:18;0000018167;  42,00;  1,32896e-07
0000000020;00:00:18;0000018167;  43,00;  1,33165e-07
0000000020;00:00:18;0000018167;  44,00;  1,33500e-07
0000000020;00:00:18;0000018167;  45,00;  1,33097e-07
0000000020;00:00:18;0000018167;  46,00;  1,32963e-07
0000000020;00:00:18;0000018167;  47,00;  1,33434e-07
0000000020;00:00:18;0000018167;  48,00;  1,32963e-07
0000000020;00:00:18;0000018167;  49,00;  1,33366e-07
0000000020;00:00:18;0000018167;  50,00;  1,33500e-07
0000000021;00:00:19;0000019072;  10,00;  1,33299e-07
0000000021;00:00:19;0000019072;  11,00;  1,33232e-07
0000000021;00:00:19;0000019072;  12,00;  1,33232e-07
0000000021;00:00:19;0000019072;  13,00;  1,33500e-07
0000000021;00:00:19;0000019072;  14,00;  1,33903e-07
0000000021;00:00:19;0000019072;  15,00;  1,33635e-07
0000000021;00:00:19;0000019072;  16,00;  1,33837e-07
0000000021;00:00:19;0000019072;  17,00;  1,34106e-07
0000000021;00:00:19;0000019072;  18,00;  1,33837e-07
0000000021;00:00:19;0000019072;  19,00;  1,33769e-07
0000000021;00:00:19;0000019072;  20,00;  1,33702e-07
0000000021;00:00:19;0000019072;  21,00;  1,33903e-07
0000000021;00:00:19;0000019072;  22,00;  1,33635e-07
0000000021;00:00:19;0000019072;  23,00;  1,33434e-07
0000000021;00:00:19;0000019072;  24,00;  1,33903e-07
0000000021;00:00:19;0000019072;  25,00;  1,33568e-07
0000000021;00:00:19;0000019072;  26,00;  1,33366e-07
0000000021;00:00:19;0000019072;  27,00;  1,33434e-07
0000000021;00:00:19;0000019072;  28,00;  1,33635e-07
0000000021;00:00:19;0000019072;  29,00;  1,34307e-07
0000000021;00:00:19;0000019072;  30,00;  1,33702e-07
0000000021;00:00:19;0000019072;  31,00;  1,33366e-07
0000000021;00:00:19;0000019072;  32,00;  1,34038e-07
0000000021;00:00:19;0000019072;  33,00;  1,33837e-07
0000000021;00:00:19;0000019072;  34,00;  1,33232e-07
0000000021;00:00:19;0000019072;  35,00;  1,33434e-07
0000000021;00:00:19;0000019072;  36,00;  1,33568e-07
0000000021;00:00:19;0000019072;  37,00;  1,33837e-07
0000000021;00:00:19;0000019072;  38,00;  1,33769e-07
0000000021;00:00:19;0000019072;  39,00;  1,33702e-07
0000000021;00:00:19;0000019072;  40,00;  1,34240e-07
0000000021;00:00:19;0000019072;  41,00;  1,33434e-07
0000000021;00:00:19;0000019072;  42,00;  1,33971e-07
0000000021;00:00:19;0000019072;  43,00;  1,33568e-07
0000000021;00:00:19;0000019072;  44,00;  1,33971e-07
0000000021;00:00:19;0000019072;  45,00;  1,33769e-07
0000000021;00:00:19;0000019072;  46,00;  1,33299e-07
0000000021;00:00:19;0000019072;  47,00;  1,33903e-07
0000000021;00:00:19;0000019072;  48,00;  1,33702e-07
0000000021;00:00:19;0000019072;  49,00;  1,33903e-07
0000000021;00:00:19;0000019072;  50,00;  1,34307e-07
0000000022;00:00:19;0000019978;  10,00;  1,32493e-07
0000000022;00:00:19;0000019978;  11,00;  1,32627e-07
0000000022;00:00:19;0000019978;  12,00;  1,32694e-07
0000000022;00:00:19;0000019978;  13,00;  1,33097e-07
0000000022;00:00:19;0000019978;  14,00;  1,33097e-07
0000000022;00:00:19;0000019978;  15,00;  1,32627e-07
0000000022;00:00:19;0000019978;  16,00;  1,33232e-07
0000000022;00:00:19;0000019978;  17,00;  1,33031e-07
0000000022;00:00:19;0000019978;  18,00;  1,32963e-07
0000000022;00:00:19;0000019978;  19,00;  1,32963e-07
0000000022;00:00:19;0000019978;  20,00;  1,33299e-07
0000000022;00:00:19;0000019978;  21,00;  1,33097e-07
0000000022;00:00:19;0000019978;  22,00;  1,33165e-07
0000000022;00:00:19;0000019978;  23,00;  1,33031e-07
0000000022;00:00:19;0000019978;  24,00;  1,33031e-07
0000000022;00:00:19;0000019978;  25,00;  1,32762e-07
0000000022;00:00:19;0000019978;  26,00;  1,33097e-07
0000000022;00:00:19;0000019978;  27,00;  1,32627e-07
0000000022;00:00:19;0000019978;  28,00;  1,33031e-07
0000000022;00:00:19;0000019978;  29,00;  1,33500e-07
0000000022;00:00:19;0000019978;  30,00;  1,33232e-07
0000000022;00:00:19;0000019978;  31,00;  1,33031e-07
0000000022;00:00:19;0000019978;  32,00;  1,33097e-07
0000000022;00:00:19;0000019978;  33,00;  1,33366e-07
0000000022;00:00:19;0000019978;  34,00;  1,33097e-07
0000000022;00:00:19;0000019978;  35,00;  1,33232e-07
0000000022;00:00:19;0000019978;  36,00;  1,32896e-07
0000000022;00:00:19;0000019978;  37,00;  1,33165e-07
0000000022;00:00:19;0000019978;  38,00;  1,33232e-07
0000000022;00:00:19;0000019978;  39,00;  1,32896e-07
0000000022;00:00:19;0000019978;  40,00;  1,33031e-07
0000000022;00:00:19;0000019978;  41,00;  1,33165e-07
0000000022;00:00:19;0000019978;  42,00;  1,33299e-07
0000000022;00:00:19;0000019978;  43,00;  1,33232e-07
0000000022;00:00:19;0000019978;  44,00;  1,33299e-07
0000000022;00:00:19;0000019978;  45,00;  1,33031e-07
0000000022;00:00:19;0000019978;  46,00;  1,33031e-07
0000000022;00:00:19;0000019978;  47,00;  1,32896e-07
0000000022;00:00:19;0000019978;  48,00;  1,33366e-07
0000000022;00:00:19;0000019978;  49,00;  1,33568e-07
0000000022;00:00:19;0000019978;  50,00;  1,33366e-07
0000000023;00:00:20;0000020884;  10,00;  1,33635e-07
0000000023;00:00:20;0000020884;  11,00;  1,33434e-07
0000000023;00:00:20;0000020884;  12,00;  1,33366e-07
0000000023;00:00:20;0000020884;  13,00;  1,32896e-07
0000000023;00:00:20;0000020884;  14,00;  1,33837e-07
0000000023;00:00:20;0000020884;  15,00;  1,33434e-07
0000000023;00:00:20;0000020884;  16,00;  1,33500e-07
0000000023;00:00:20;0000020884;  17,00;  1,33500e-07
0000000023;00:00:20;0000020884;  18,00;  1,33702e-07
0000000023;00:00:20;0000020884;  19,00;  1,33635e-07
0000000023;00:00:20;0000020884;  20,00;  1,33031e-07
0000000023;00:00:20;0000020884;  21,00;  1,33635e-07
0000000023;00:00:20;0000020884;  22,00;  1,33903e-07
0000000023;00:00:20;0000020884;  23,00;  1,33366e-07
0000000023;00:00:20;0000020884;  24,00;  1,33232e-07
0000000023;00:00:20;0000020884;  25,00;  1,33097e-07
0000000023;00:00:20;0000020884;  26,00;  1,33232e-07
0000000023;00:00:20;0000020884;  27,00;  1,33232e-07
0000000023;00:00:20;0000020884;  28,00;  1,33232e-07
0000000023;00:00:20;0000020884;  29,00;  1,33500e-07
0000000023;00:00:20;0000020884;  30,00;  1,33769e-07
0000000023;00:00:20;0000020884;  31,00;  1,33434e-07
0000000023;00:00:20;0000020884;  32,00;  1,33366e-07
0000000023;00:00:20;0000020884;  33,00;  1,33635e-07
0000000023;00:00:20;0000020884;  34,00;  1,33635e-07
0000000023;00:00:20;0000020884;  35,00;  1,33702e-07
0000000023;00:00:20;0000020884;  36,00;  1,33366e-07
0000000023;00:00:20;0000020884;  37,00;  1,33097e-07
0000000023;00:00:20;0000020884;  38,00;  1,33500e-07
0000000023;00:00:20;0000020884;  39,00;  1,34106e-07
0000000023;00:00:20;0000020884;  40,00;  1,33769e-07
0000000023;00:00:20;0000020884;  41,00;  1,33702e-07
0000000023;00:00:20;0000020884;  42,00;  1,33568e-07
0000000023;00:00:20;0000020884;  43,00;  1,33097e-07
0000000023;00:00:20;0000020884;  44,00;  1,33702e-07
0000000023;00:00:20;0000020884;  45,00;  1,33434e-07
0000000023;00:00:20;0000020884;  46,00;  1,33769e-07
0000000023;00:00:20;0000020884;  47,00;  1,33500e-07
0000000023;00:00:20;0000020884;  48,00;  1,33702e-07
0000000023;00:00:20;0000020884;  49,00;  1,33568e-07
0000000023;00:00:20;0000020884;  50,00;  1,33568e-07
0000000024;00:00:21;0000021768;  10,00;  1,33232e-07
0000000024;00:00:21;0000021768;  11,00;  1,33500e-07
0000000024;00:00:21;0000021768;  12,00;  1,33366e-07
0000000024;00:00:21;0000021768;  13,00;  1,33232e-07
0000000024;00:00:21;0000021768;  14,00;  1,33702e-07
0000000024;00:00:21;0000021768;  15,00;  1,33232e-07
0000000024;00:00:21;0000021768;  16,00;  1,33769e-07
0000000024;00:00:21;0000021768;  17,00;  1,32224e-07
0000000024;00:00:21;0000021768;  18,00;  1,32963e-07
0000000024;00:00:21;0000021768;  19,00;  1,35516e-07
0000000024;00:00:21;0000021768;  20,00;  1,31687e-07
0000000024;00:00:21;0000021768;  21,00;  1,34777e-07
0000000024;00:00:21;0000021768;  22,00;  1,33769e-07
0000000024;00:00:21;0000021768;  23,00;  1,32425e-07
0000000024;00:00:21;0000021768;  24,00;  1,34575e-07
0000000024;00:00:21;0000021768;  25,00;  1,32828e-07
0000000024;00:00:21;0000021768;  26,00;  1,33434e-07
0000000024;00:00:21;0000021768;  27,00;  1,34441e-07
0000000024;00:00:21;0000021768;  28,00;  1,33031e-07
0000000024;00:00:21;0000021768;  29,00;  1,33097e-07
0000000024;00:00:21;0000021768;  30,00;  1,34172e-07
0000000024;00:00:21;0000021768;  31,00;  1,33500e-07
0000000024;00:00:21;0000021768;  32,00;  1,32896e-07
0000000024;00:00:21;0000021768;  33,00;  1,33500e-07
0000000024;00:00:21;0000021768;  34,00;  1,33568e-07
0000000024;00:00:21;0000021768;  35,00;  1,33299e-07
0000000024;00:00:21;0000021768;  36,00;  1,33769e-07
0000000024;00:00:21;0000021768;  37,00;  1,32828e-07
0000000024;00:00:21;0000021768;  38,00;  1,33097e-07
0000000024;00:00:21;0000021768;  39,00;  1,33366e-07
0000000024;00:00:21;0000021768;  40,00;  1,33568e-07
0000000024;00:00:21;0000021768;  41,00;  1,33232e-07
0000000024;00:00:21;0000021768;  42,00;  1,33366e-07
0000000024;00:00:21;0000021768;  43,00;  1,33635e-07
0000000024;00:00:21;0000021768;  44,00;  1,33366e-07
0000000024;00:00:21;0000021768;  45,00;  1,33635e-07
0000000024;00:00:21;0000021768;  46,00;  1,33568e-07
0000000024;00:00:21;0000021768;  47,00;  1,33702e-07
0000000024;00:00:21;0000021768;  48,00;  1,33702e-07
0000000024;00:00:21;0000021768;  49,00;  1,32896e-07
0000000024;00:00:21;0000021768;  50,00;  1,33702e-07
0000000025;00:00:22;0000022653;  10,00;  1,33031e-07
0000000025;00:00:22;0000022653;  11,00;  1,33568e-07
0000000025;00:00:22;0000022653;  12,00;  1,33097e-07
0000000025;00:00:22;0000022653;  13,00;  1,32694e-07
0000000025;00:00:22;0000022653;  14,00;  1,33299e-07
0000000025;00:00:22;0000022653;  15,00;  1,33299e-07
0000000025;00:00:22;0000022653;  16,00;  1,33031e-07
0000000025;00:00:22;0000022653;  17,00;  1,33366e-07
0000000025;00:00:22;0000022653;  18,00;  1,33769e-07
0000000025;00:00:22;0000022653;  19,00;  1,33299e-07
0000000025;00:00:22;0000022653;  20,00;  1,33971e-07
0000000025;00:00:22;0000022653;  21,00;  1,33097e-07
0000000025;00:00:22;0000022653;  22,00;  1,33702e-07
0000000025;00:00:22;0000022653;  23,00;  1,33500e-07
0000000025;00:00:22;0000022653;  24,00;  1,33165e-07
0000000025;00:00:22;0000022653;  25,00;  1,33165e-07
0000000025;00:00:22;0000022653;  26,00;  1,33702e-07
0000000025;00:00:22;0000022653;  27,00;  1,32896e-07
0000000025;00:00:22;0000022653;  28,00;  1,33299e-07
0000000025;00:00:22;0000022653;  29,00;  1,32828e-07
0000000025;00:00:22;0000022653;  30,00;  1,33500e-07
0000000025;00:00:22;0000022653;  31,00;  1,33702e-07
0000000025;00:00:22;0000022653;  32,00;  1,33837e-07
0000000025;00:00:22;0000022653;  33,00;  1,33165e-07
0000000025;00:00:22;0000022653;  34,00;  1,33500e-07
0000000025;00:00:22;0000022653;  35,00;  1,33165e-07
0000000025;00:00:22;0000022653;  36,00;  1,33635e-07
0000000025;00:00:22;0000022653;  37,00;  1,33031e-07
0000000025;00:00:22;0000022653;  38,00;  1,33165e-07
0000000025;00:00:22;0000022653;  39,00;  1,33837e-07
0000000025;00:00:22;0000022653;  40,00;  1,33299e-07
0000000025;00:00:22;0000022653;  41,00;  1,33299e-07
0000000025;00:00:22;0000022653;  42,00;  1,33434e-07
0000000025;00:00:22;0000022653;  43,00;  1,33702e-07
0000000025;00:00:22;0000022653;  44,00;  1,33500e-07
0000000025;00:00:22;0000022653;  45,00;  1,33568e-07
0000000025;00:00:22;0000022653;  46,00;  1,33366e-07
0000000025;00:00:22;0000022653;  47,00;  1,33366e-07
0000000025;00:00:22;0000022653;  48,00;  1,33299e-07
0000000025;00:00:22;0000022653;  49,00;  1,33097e-07
0000000025;00:00:22;0000022653;  50,00;  1,33635e-07
0000000026;00:00:23;0000023558;  10,00;  1,32762e-07
0000000026;00:00:23;0000023558;  11,00;  1,32964e-07
0000000026;00:00:23;0000023558;  12,00;  1,33702e-07
0000000026;00:00:23;0000023558;  13,00;  1,33233e-07
0000000026;00:00:23;0000023558;  14,00;  1,32830e-07
0000000026;00:00:23;0000023558;  15,00;  1,33098e-07
0000000026;00:00:23;0000023558;  16,00;  1,33434e-07
0000000026;00:00:23;0000023558;  17,00;  1,33702e-07
0000000026;00:00:23;0000023558;  18,00;  1,33434e-07
0000000026;00:00:23;0000023558;  19,00;  1,33837e-07
0000000026;00:00:23;0000023558;  20,00;  1,33905e-07
0000000026;00:00:23;0000023558;  21,00;  1,33098e-07
0000000026;00:00:23;0000023558;  22,00;  1,33233e-07
0000000026;00:00:23;0000023558;  23,00;  1,33568e-07
0000000026;00:00:23;0000023558;  24,00;  1,33770e-07
0000000026;00:00:23;0000023558;  25,00;  1,33434e-07
0000000026;00:00:23;0000023558;  26,00;  1,33299e-07
0000000026;00:00:23;0000023558;  27,00;  1,33837e-07
0000000026;00:00:23;0000023558;  28,00;  1,33905e-07
0000000026;00:00:23;0000023558;  29,00;  1,32830e-07
0000000026;00:00:23;0000023558;  30,00;  1,33702e-07
0000000026;00:00:23;0000023558;  31,00;  1,33434e-07
0000000026;00:00:23;0000023558;  32,00;  1,33837e-07
0000000026;00:00:23;0000023558;  33,00;  1,33568e-07
0000000026;00:00:23;0000023558;  34,00;  1,33501e-07
0000000026;00:00:23;0000023558;  35,00;  1,33770e-07
0000000026;00:00:23;0000023558;  36,00;  1,34442e-07
0000000026;00:00:23;0000023558;  37,00;  1,33434e-07
0000000026;00:00:23;0000023558;  38,00;  1,33905e-07
0000000026;00:00:23;0000023558;  39,00;  1,33636e-07
0000000026;00:00:23;0000023558;  40,00;  1,33702e-07
0000000026;00:00:23;0000023558;  41,00;  1,33837e-07
0000000026;00:00:23;0000023558;  42,00;  1,33770e-07
0000000026;00:00:23;0000023558;  43,00;  1,33905e-07
0000000026;00:00:23;0000023558;  44,00;  1,33165e-07
0000000026;00:00:23;0000023558;  45,00;  1,33568e-07
0000000026;00:00:23;0000023558;  46,00;  1,33702e-07
0000000026;00:00:23;0000023558;  47,00;  1,33971e-07
0000000026;00:00:23;0000023558;  48,00;  1,34039e-07
0000000026;00:00:23;0000023558;  49,00;  1,33367e-07
0000000026;00:00:23;0000023558;  50,00;  1,33770e-07
