0000001251;scans;0000000054;DataLength
"header";0000000019;"lines"
"Date";28.11.2022;"Time";15:27:10
"ID";"HAL 7 RC RGA 100 #13407";"Version";4
"Scans";1
"Scan ID";"Mode";"Input";"Scanned";"Start";"Stop";"Increment";"Dwell";"Settle";"RS";"RelSEM"
"Scan 1";"RGA";"Faraday";"mass";10,00;60,00;0,04;100,000%;100,000%;1,000000;1,000000;
"Environment";
"Global";"RGA"
"F1";1;"( 1 = on, 0 = off )"
"F2";0;"( 1 = on, 0 = off )"
"cage";3,0;"V"
"delta-m";0;"%"
"electron-energy";70,0;"V"
"emission";1000,000;"uA"
"focus";-90;"V"
"mass";40,00;"amu"
"mode-change-delay";1000;"ms"
"resolution";0;"%"
"Data";1
"Cycle";"Time";"ms";"mass amu";"Faraday torr"
0000000001;00:00:01;0000001001;  10,00; -2,41874e-10
0000000001;00:00:01;0000001001;  10,04;  3,49374e-10
0000000001;00:00:01;0000001001;  10,08; -2,68749e-11
0000000001;00:00:01;0000001001;  10,12; -1,34374e-10
0000000001;00:00:01;0000001001;  10,16;  3,76249e-10
0000000001;00:00:01;0000001001;  10,20; -2,68749e-11
0000000001;00:00:01;0000001001;  10,24;  0,00000e+00
0000000001;00:00:01;0000001001;  10,28;  5,10624e-10
0000000001;00:00:01;0000001001;  10,32; -5,37499e-11
0000000001;00:00:01;0000001001;  10,36;  1,07499e-10
0000000001;00:00:01;0000001001;  10,40;  3,22499e-10
0000000001;00:00:01;0000001001;  10,44; -1,88124e-10
0000000001;00:00:01;0000001001;  10,48;  5,37499e-11
0000000001;00:00:01;0000001001;  10,52;  1,88124e-10
0000000001;00:00:01;0000001001;  10,56; -2,14999e-10
0000000001;00:00:01;0000001001;  10,60;  1,61249e-10
0000000001;00:00:01;0000001001;  10,64;  5,37499e-11
0000000001;00:00:01;0000001001;  10,68; -2,95624e-10
0000000001;00:00:01;0000001001;  10,72;  2,41874e-10
0000000001;00:00:01;0000001001;  10,76;  2,68749e-11
0000000001;00:00:01;0000001001;  10,80; -1,34374e-10
0000000001;00:00:01;0000001001;  10,84;  2,95624e-10
0000000001;00:00:01;0000001001;  10,88; -8,06240e-11
0000000001;00:00:01;0000001001;  10,92; -1,07499e-10
0000000001;00:00:01;0000001001;  10,96;  4,29999e-10
0000000001;00:00:01;0000001001;  11,00;  0,00000e+00
0000000001;00:00:01;0000001001;  11,04; -2,68749e-11
0000000001;00:00:01;0000001001;  11,08;  4,83749e-10
0000000001;00:00:01;0000001001;  11,12; -1,07499e-10
0000000001;00:00:01;0000001001;  11,16;  2,68749e-11
0000000001;00:00:01;0000001001;  11,20;  3,49374e-10
0000000001;00:00:01;0000001001;  11,24; -1,88124e-10
0000000001;00:00:01;0000001001;  11,28;  1,34374e-10
0000000001;00:00:01;0000001001;  11,32;  2,68749e-10
0000000001;00:00:01;0000001001;  11,36; -2,41874e-10
0000000001;00:00:01;0000001001;  11,40;  2,41874e-10
0000000001;00:00:01;0000001001;  11,44;  1,07499e-10
0000000001;00:00:01;0000001001;  11,48; -2,41874e-10
0000000001;00:00:01;0000001001;  11,52;  3,22499e-10
0000000001;00:00:01;0000001001;  11,56;  8,06240e-11
0000000001;00:00:01;0000001001;  11,60; -1,07499e-10
0000000001;00:00:01;0000001001;  11,64;  5,10624e-10
0000000001;00:00:01;0000001001;  11,68;  1,34374e-10
0000000001;00:00:01;0000001001;  11,72; -2,68749e-11
0000000001;00:00:01;0000001001;  11,76;  6,44999e-10
0000000001;00:00:01;0000001001;  11,80;  1,07499e-10
0000000001;00:00:01;0000001001;  11,84;  1,07499e-10
0000000001;00:00:01;0000001001;  11,88;  5,64374e-10
0000000001;00:00:01;0000001001;  11,92; -5,37499e-11
0000000001;00:00:01;0000001001;  11,96;  1,34374e-10
0000000001;00:00:01;0000001001;  12,00;  5,37499e-10
0000000001;00:00:01;0000001001;  12,04; -2,68749e-11
0000000001;00:00:01;0000001001;  12,08;  2,14999e-10
0000000001;00:00:01;0000001001;  12,12;  3,22499e-10
0000000001;00:00:01;0000001001;  12,16; -1,61249e-10
0000000001;00:00:01;0000001001;  12,20;  2,95624e-10
0000000001;00:00:01;0000001001;  12,24;  2,95624e-10
0000000001;00:00:01;0000001001;  12,28; -2,68749e-11
0000000001;00:00:01;0000001001;  12,32;  4,83749e-10
0000000001;00:00:01;0000001001;  12,36;  1,88124e-10
0000000001;00:00:01;0000001001;  12,40; -8,06240e-11
0000000001;00:00:01;0000001001;  12,44;  5,37499e-10
0000000001;00:00:01;0000001001;  12,48;  1,07499e-10
0000000001;00:00:01;0000001001;  12,52; -2,68749e-11
0000000001;00:00:01;0000001001;  12,56;  5,64374e-10
0000000001;00:00:01;0000001001;  12,60;  8,06240e-11
0000000001;00:00:01;0000001001;  12,64;  1,07499e-10
0000000001;00:00:01;0000001001;  12,68;  6,18124e-10
0000000001;00:00:01;0000001001;  12,72;  5,37499e-10
0000000001;00:00:01;0000001001;  12,76; -5,37499e-11
0000000001;00:00:01;0000001001;  12,80;  2,68749e-10
0000000001;00:00:01;0000001001;  12,84; -3,22499e-10
0000000001;00:00:01;0000001001;  12,88;  2,14999e-10
0000000001;00:00:01;0000001001;  12,92;  6,18124e-10
0000000001;00:00:01;0000001001;  12,96;  1,34374e-10
0000000001;00:00:01;0000001001;  13,00;  5,91249e-10
0000000001;00:00:01;0000001001;  13,04;  3,76249e-10
0000000001;00:00:01;0000001001;  13,08;  2,68749e-11
0000000001;00:00:01;0000001001;  13,12;  5,37499e-10
0000000001;00:00:01;0000001001;  13,16;  2,68749e-10
0000000001;00:00:01;0000001001;  13,20;  1,61249e-10
0000000001;00:00:01;0000001001;  13,24;  1,02124e-09
0000000001;00:00:01;0000001001;  13,28;  6,98748e-10
0000000001;00:00:01;0000001001;  13,32;  6,98748e-10
0000000001;00:00:01;0000001001;  13,36;  1,26312e-09
0000000001;00:00:01;0000001001;  13,40;  8,59998e-10
0000000001;00:00:01;0000001001;  13,44;  8,86873e-10
0000000001;00:00:01;0000001001;  13,48;  1,53187e-09
0000000001;00:00:01;0000001001;  13,52;  1,15562e-09
0000000001;00:00:01;0000001001;  13,56;  1,66624e-09
0000000001;00:00:01;0000001001;  13,60;  2,41874e-09
0000000001;00:00:01;0000001001;  13,64;  2,57999e-09
0000000001;00:00:01;0000001001;  13,68;  3,41311e-09
0000000001;00:00:01;0000001001;  13,72;  3,76249e-09
0000000001;00:00:01;0000001001;  13,76;  3,33249e-09
0000000001;00:00:01;0000001001;  13,80;  3,81624e-09
0000000001;00:00:01;0000001001;  13,84;  3,54749e-09
0000000001;00:00:01;0000001001;  13,88;  3,46686e-09
0000000001;00:00:01;0000001001;  13,92;  4,40749e-09
0000000001;00:00:01;0000001001;  13,96;  4,56874e-09
0000000001;00:00:01;0000001001;  14,00;  5,13311e-09
0000000001;00:00:01;0000001001;  14,04;  6,61123e-09
0000000001;00:00:01;0000001001;  14,08;  7,06811e-09
0000000001;00:00:01;0000001001;  14,12;  7,04123e-09
0000000001;00:00:01;0000001001;  14,16;  8,59990e-09
0000000001;00:00:01;0000001001;  14,20;  8,86870e-09
0000000001;00:00:01;0000001001;  14,24;  8,86870e-09
0000000001;00:00:01;0000001001;  14,28;  8,73430e-09
0000000001;00:00:01;0000001001;  14,32;  7,36373e-09
0000000001;00:00:01;0000001001;  14,36;  6,44999e-09
0000000001;00:00:01;0000001001;  14,40;  5,45561e-09
0000000001;00:00:01;0000001001;  14,44;  3,78936e-09
0000000001;00:00:01;0000001001;  14,48;  2,95624e-09
0000000001;00:00:01;0000001001;  14,52;  1,20937e-09
0000000001;00:00:01;0000001001;  14,56;  1,88124e-10
0000000001;00:00:01;0000001001;  14,60;  5,37499e-10
0000000001;00:00:01;0000001001;  14,64;  4,56874e-10
0000000001;00:00:01;0000001001;  14,68;  1,07499e-10
0000000001;00:00:01;0000001001;  14,72;  6,98748e-10
0000000001;00:00:01;0000001001;  14,76;  4,03124e-10
0000000001;00:00:01;0000001001;  14,80;  1,34374e-10
0000000001;00:00:01;0000001001;  14,84;  7,79373e-10
0000000001;00:00:01;0000001001;  14,88;  3,22499e-10
0000000001;00:00:01;0000001001;  14,92;  2,14999e-10
0000000001;00:00:01;0000001001;  14,96;  7,79373e-10
0000000001;00:00:01;0000001001;  15,00;  3,22499e-10
0000000001;00:00:01;0000001001;  15,04;  3,76249e-10
0000000001;00:00:01;0000001001;  15,08;  8,59998e-10
0000000001;00:00:01;0000001001;  15,12;  3,76249e-10
0000000001;00:00:01;0000001001;  15,16;  6,18124e-10
0000000001;00:00:01;0000001001;  15,20;  9,13748e-10
0000000001;00:00:01;0000001001;  15,24;  4,83749e-10
0000000001;00:00:01;0000001001;  15,28;  8,06248e-10
0000000001;00:00:01;0000001001;  15,32;  9,40620e-10
0000000001;00:00:01;0000001001;  15,36;  4,56874e-10
0000000001;00:00:01;0000001001;  15,40;  9,13748e-10
0000000001;00:00:01;0000001001;  15,44;  7,79373e-10
0000000001;00:00:01;0000001001;  15,48;  5,64374e-10
0000000001;00:00:01;0000001001;  15,52;  1,12874e-09
0000000001;00:00:01;0000001001;  15,56;  1,02124e-09
0000000001;00:00:01;0000001001;  15,60;  1,07499e-09
0000000001;00:00:01;0000001001;  15,64;  1,85437e-09
0000000001;00:00:01;0000001001;  15,68;  1,58562e-09
0000000001;00:00:01;0000001001;  15,72;  1,55874e-09
0000000001;00:00:01;0000001001;  15,76;  2,06937e-09
0000000001;00:00:01;0000001001;  15,80;  1,53187e-09
0000000001;00:00:01;0000001001;  15,84;  1,63937e-09
0000000001;00:00:01;0000001001;  15,88;  2,04249e-09
0000000001;00:00:01;0000001001;  15,92;  1,55874e-09
0000000001;00:00:01;0000001001;  15,96;  1,90812e-09
0000000001;00:00:01;0000001001;  16,00;  2,41874e-09
0000000001;00:00:01;0000001001;  16,04;  2,20374e-09
0000000001;00:00:01;0000001001;  16,08;  2,90249e-09
0000000001;00:00:01;0000001001;  16,12;  3,30561e-09
0000000001;00:00:01;0000001001;  16,16;  3,22499e-09
0000000001;00:00:01;0000001001;  16,20;  4,00436e-09
0000000001;00:00:01;0000001001;  16,24;  4,11186e-09
0000000001;00:00:01;0000001001;  16,28;  3,84311e-09
0000000001;00:00:01;0000001001;  16,32;  4,05811e-09
0000000001;00:00:01;0000001001;  16,36;  3,33249e-09
0000000001;00:00:01;0000001001;  16,40;  2,47249e-09
0000000001;00:00:01;0000001001;  16,44;  2,44562e-09
0000000001;00:00:01;0000001001;  16,48;  1,37062e-09
0000000001;00:00:01;0000001001;  16,52;  6,18124e-10
0000000001;00:00:01;0000001001;  16,56;  9,13748e-10
0000000001;00:00:01;0000001001;  16,60;  3,76249e-10
0000000001;00:00:01;0000001001;  16,64;  4,83749e-10
0000000001;00:00:01;0000001001;  16,68;  9,40620e-10
0000000001;00:00:01;0000001001;  16,72;  2,41874e-10
0000000001;00:00:01;0000001001;  16,76;  3,49374e-10
0000000001;00:00:01;0000001001;  16,80;  6,44999e-10
0000000001;00:00:01;0000001001;  16,84;  2,68749e-11
0000000001;00:00:01;0000001001;  16,88;  3,76249e-10
0000000001;00:00:01;0000001001;  16,92;  3,76249e-10
0000000001;00:00:01;0000001001;  16,96; -8,06240e-11
0000000001;00:00:01;0000001001;  17,00;  5,37499e-10
0000000001;00:00:01;0000001001;  17,04;  4,29999e-10
0000000001;00:00:01;0000001001;  17,08;  2,14999e-10
0000000001;00:00:01;0000001001;  17,12;  9,67490e-10
0000000001;00:00:01;0000001001;  17,16;  8,59998e-10
0000000001;00:00:01;0000001001;  17,20;  7,79373e-10
0000000001;00:00:01;0000001001;  17,24;  1,58562e-09
0000000001;00:00:01;0000001001;  17,28;  1,28999e-09
0000000001;00:00:01;0000001001;  17,32;  1,23624e-09
0000000001;00:00:01;0000001001;  17,36;  1,71999e-09
0000000001;00:00:01;0000001001;  17,40;  1,04812e-09
0000000001;00:00:01;0000001001;  17,44;  9,13748e-10
0000000001;00:00:01;0000001001;  17,48;  1,12874e-09
0000000001;00:00:01;0000001001;  17,52;  4,03124e-10
0000000001;00:00:01;0000001001;  17,56;  6,18124e-10
0000000001;00:00:01;0000001001;  17,60;  1,07499e-09
0000000001;00:00:01;0000001001;  17,64;  5,91249e-10
0000000001;00:00:01;0000001001;  17,68;  1,02124e-09
0000000001;00:00:01;0000001001;  17,72;  9,67490e-10
0000000001;00:00:01;0000001001;  17,76;  3,76249e-10
0000000001;00:00:01;0000001001;  17,80;  7,52498e-10
0000000001;00:00:01;0000001001;  17,84;  5,10624e-10
0000000001;00:00:01;0000001001;  17,88;  2,14999e-10
0000000001;00:00:01;0000001001;  17,92;  8,33123e-10
0000000001;00:00:01;0000001001;  17,96;  6,18124e-10
0000000001;00:00:01;0000001001;  18,00;  5,64374e-10
0000000001;00:00:01;0000001001;  18,04;  1,34374e-09
0000000001;00:00:01;0000001001;  18,08;  1,15562e-09
0000000001;00:00:01;0000001001;  18,12;  1,39749e-09
0000000001;00:00:01;0000001001;  18,16;  2,25749e-09
0000000001;00:00:01;0000001001;  18,20;  2,04249e-09
0000000001;00:00:01;0000001001;  18,24;  2,44562e-09
0000000001;00:00:01;0000001001;  18,28;  3,06374e-09
0000000001;00:00:01;0000001001;  18,32;  2,66062e-09
0000000001;00:00:01;0000001001;  18,36;  2,79499e-09
0000000001;00:00:01;0000001001;  18,40;  2,39187e-09
0000000001;00:00:01;0000001001;  18,44;  1,28999e-09
0000000001;00:00:01;0000001001;  18,48;  1,23624e-09
0000000001;00:00:01;0000001001;  18,52;  5,64374e-10
0000000001;00:00:01;0000001001;  18,56; -1,61249e-10
0000000001;00:00:01;0000001001;  18,60;  1,88124e-10
0000000001;00:00:01;0000001001;  18,64;  2,68749e-11
0000000001;00:00:01;0000001001;  18,68; -2,41874e-10
0000000001;00:00:01;0000001001;  18,72;  4,03124e-10
0000000001;00:00:01;0000001001;  18,76;  5,37499e-11
0000000001;00:00:01;0000001001;  18,80; -1,61249e-10
0000000001;00:00:01;0000001001;  18,84;  4,56874e-10
0000000001;00:00:01;0000001001;  18,88;  2,68749e-11
0000000001;00:00:01;0000001001;  18,92; -5,37499e-11
0000000001;00:00:01;0000001001;  18,96;  4,56874e-10
0000000001;00:00:01;0000001001;  19,00; -2,68749e-11
0000000001;00:00:01;0000001001;  19,04;  8,06240e-11
0000000001;00:00:01;0000001001;  19,08;  3,22499e-10
0000000001;00:00:01;0000001001;  19,12; -1,88124e-10
0000000001;00:00:01;0000001001;  19,16;  1,07499e-10
0000000001;00:00:01;0000001001;  19,20;  2,14999e-10
0000000001;00:00:01;0000001001;  19,24; -2,14999e-10
0000000001;00:00:01;0000001001;  19,28;  2,68749e-10
0000000001;00:00:01;0000001001;  19,32;  8,06240e-11
0000000001;00:00:01;0000001001;  19,36; -2,14999e-10
0000000001;00:00:01;0000001001;  19,40;  3,22499e-10
0000000001;00:00:01;0000001001;  19,44;  8,06240e-11
0000000001;00:00:01;0000001001;  19,48; -1,88124e-10
0000000001;00:00:01;0000001001;  19,52;  3,22499e-10
0000000001;00:00:01;0000001001;  19,56;  5,37499e-11
0000000001;00:00:01;0000001001;  19,60; -5,37499e-11
0000000001;00:00:01;0000001001;  19,64;  4,83749e-10
0000000001;00:00:01;0000001001;  19,68;  8,06240e-11
0000000001;00:00:01;0000001001;  19,72;  5,37499e-11
0000000001;00:00:01;0000001001;  19,76;  4,83749e-10
0000000001;00:00:01;0000001001;  19,80;  0,00000e+00
0000000001;00:00:01;0000001001;  19,84;  5,37499e-11
0000000001;00:00:01;0000001001;  19,88;  4,03124e-10
0000000001;00:00:01;0000001001;  19,92; -1,61249e-10
0000000001;00:00:01;0000001001;  19,96;  1,88124e-10
0000000001;00:00:01;0000001001;  20,00;  2,68749e-10
0000000001;00:00:01;0000001001;  20,04; -1,88124e-10
0000000001;00:00:01;0000001001;  20,08;  2,14999e-10
0000000001;00:00:01;0000001001;  20,12;  1,07499e-10
0000000001;00:00:01;0000001001;  20,16; -1,61249e-10
0000000001;00:00:01;0000001001;  20,20;  3,49374e-10
0000000001;00:00:01;0000001001;  20,24;  1,34374e-10
0000000001;00:00:01;0000001001;  20,28; -1,07499e-10
0000000001;00:00:01;0000001001;  20,32;  4,56874e-10
0000000001;00:00:01;0000001001;  20,36;  1,34374e-10
0000000001;00:00:01;0000001001;  20,40; -5,37499e-11
0000000001;00:00:01;0000001001;  20,44;  4,56874e-10
0000000001;00:00:01;0000001001;  20,48;  0,00000e+00
0000000001;00:00:01;0000001001;  20,52; -2,68749e-11
0000000001;00:00:01;0000001001;  20,56;  5,37499e-10
0000000001;00:00:01;0000001001;  20,60; -1,07499e-10
0000000001;00:00:01;0000001001;  20,64;  5,37499e-11
0000000001;00:00:01;0000001001;  20,68;  3,22499e-10
0000000001;00:00:01;0000001001;  20,72; -1,88124e-10
0000000001;00:00:01;0000001001;  20,76;  2,68749e-11
0000000001;00:00:01;0000001001;  20,80;  1,34374e-10
0000000001;00:00:01;0000001001;  20,84; -2,68749e-10
0000000001;00:00:01;0000001001;  20,88;  1,34374e-10
0000000001;00:00:01;0000001001;  20,92;  2,68749e-11
0000000001;00:00:01;0000001001;  20,96; -2,41874e-10
0000000001;00:00:01;0000001001;  21,00;  2,68749e-10
0000000001;00:00:01;0000001001;  21,04;  2,68749e-11
0000000001;00:00:01;0000001001;  21,08; -1,61249e-10
0000000001;00:00:01;0000001001;  21,12;  3,22499e-10
0000000001;00:00:01;0000001001;  21,16;  5,37499e-11
0000000001;00:00:01;0000001001;  21,20; -5,37499e-11
0000000001;00:00:01;0000001001;  21,24;  3,76249e-10
0000000001;00:00:01;0000001001;  21,28;  0,00000e+00
0000000001;00:00:01;0000001001;  21,32;  8,06240e-11
0000000001;00:00:01;0000001001;  21,36;  4,29999e-10
0000000001;00:00:01;0000001001;  21,40; -1,07499e-10
0000000001;00:00:01;0000001001;  21,44;  2,68749e-11
0000000001;00:00:01;0000001001;  21,48;  2,68749e-10
0000000001;00:00:01;0000001001;  21,52; -2,14999e-10
0000000001;00:00:01;0000001001;  21,56;  1,34374e-10
0000000001;00:00:01;0000001001;  21,60;  8,06240e-11
0000000001;00:00:01;0000001001;  21,64; -2,68749e-10
0000000001;00:00:01;0000001001;  21,68;  2,14999e-10
0000000001;00:00:01;0000001001;  21,72;  5,37499e-11
0000000001;00:00:01;0000001001;  21,76; -2,41874e-10
0000000001;00:00:01;0000001001;  21,80;  3,22499e-10
0000000001;00:00:01;0000001001;  21,84;  0,00000e+00
0000000001;00:00:01;0000001001;  21,88; -1,88124e-10
0000000001;00:00:01;0000001001;  21,92;  3,22499e-10
0000000001;00:00:01;0000001001;  21,96;  2,68749e-11
0000000001;00:00:01;0000001001;  22,00;  0,00000e+00
0000000001;00:00:01;0000001001;  22,04;  4,29999e-10
0000000001;00:00:01;0000001001;  22,08; -8,06240e-11
0000000001;00:00:01;0000001001;  22,12;  2,68749e-11
0000000001;00:00:01;0000001001;  22,16;  4,29999e-10
0000000001;00:00:01;0000001001;  22,20; -1,61249e-10
0000000001;00:00:01;0000001001;  22,24;  8,06240e-11
0000000001;00:00:01;0000001001;  22,28;  3,22499e-10
0000000001;00:00:01;0000001001;  22,32; -2,14999e-10
0000000001;00:00:01;0000001001;  22,36;  1,61249e-10
0000000001;00:00:01;0000001001;  22,40;  1,34374e-10
0000000001;00:00:01;0000001001;  22,44; -2,41874e-10
0000000001;00:00:01;0000001001;  22,48;  1,88124e-10
0000000001;00:00:01;0000001001;  22,52;  5,37499e-11
0000000001;00:00:01;0000001001;  22,56; -2,14999e-10
0000000001;00:00:01;0000001001;  22,60;  3,22499e-10
0000000001;00:00:01;0000001001;  22,64;  8,06240e-11
0000000001;00:00:01;0000001001;  22,68; -1,61249e-10
0000000001;00:00:01;0000001001;  22,72;  4,03124e-10
0000000001;00:00:01;0000001001;  22,76;  2,68749e-11
0000000001;00:00:01;0000001001;  22,80; -8,06240e-11
0000000001;00:00:01;0000001001;  22,84;  4,29999e-10
0000000001;00:00:01;0000001001;  22,88; -5,37499e-11
0000000001;00:00:01;0000001001;  22,92;  8,06240e-11
0000000001;00:00:01;0000001001;  22,96;  4,03124e-10
0000000001;00:00:01;0000001001;  23,00; -1,34374e-10
0000000001;00:00:01;0000001001;  23,04;  8,06240e-11
0000000001;00:00:01;0000001001;  23,08;  2,68749e-10
0000000001;00:00:01;0000001001;  23,12; -2,41874e-10
0000000001;00:00:01;0000001001;  23,16;  1,88124e-10
0000000001;00:00:01;0000001001;  23,20;  1,07499e-10
0000000001;00:00:01;0000001001;  23,24; -2,14999e-10
0000000001;00:00:01;0000001001;  23,28;  2,41874e-10
0000000001;00:00:01;0000001001;  23,32;  2,68749e-11
0000000001;00:00:01;0000001001;  23,36; -2,41874e-10
0000000001;00:00:01;0000001001;  23,40;  3,22499e-10
0000000001;00:00:01;0000001001;  23,44;  2,68749e-11
0000000001;00:00:01;0000001001;  23,48; -1,34374e-10
0000000001;00:00:01;0000001001;  23,52;  4,56874e-10
0000000001;00:00:01;0000001001;  23,56;  5,37499e-11
0000000001;00:00:01;0000001001;  23,60;  2,68749e-11
0000000001;00:00:01;0000001001;  23,64;  5,37499e-10
0000000001;00:00:01;0000001001;  23,68; -2,68749e-11
0000000001;00:00:01;0000001001;  23,72;  2,68749e-11
0000000001;00:00:01;0000001001;  23,76;  3,76249e-10
0000000001;00:00:01;0000001001;  23,80; -1,07499e-10
0000000001;00:00:01;0000001001;  23,84;  1,34374e-10
0000000001;00:00:01;0000001001;  23,88;  2,68749e-10
0000000001;00:00:01;0000001001;  23,92; -1,88124e-10
0000000001;00:00:01;0000001001;  23,96;  2,14999e-10
0000000001;00:00:01;0000001001;  24,00;  1,61249e-10
0000000001;00:00:01;0000001001;  24,04; -2,14999e-10
0000000001;00:00:01;0000001001;  24,08;  2,41874e-10
0000000001;00:00:01;0000001001;  24,12;  1,07499e-10
0000000001;00:00:01;0000001001;  24,16; -1,61249e-10
0000000001;00:00:01;0000001001;  24,20;  3,76249e-10
0000000001;00:00:01;0000001001;  24,24;  1,34374e-10
0000000001;00:00:01;0000001001;  24,28; -2,68749e-11
0000000001;00:00:01;0000001001;  24,32;  5,64374e-10
0000000001;00:00:01;0000001001;  24,36;  1,07499e-10
0000000001;00:00:01;0000001001;  24,40;  2,68749e-11
0000000001;00:00:01;0000001001;  24,44;  5,37499e-10
0000000001;00:00:01;0000001001;  24,48;  1,07499e-10
0000000001;00:00:01;0000001001;  24,52;  1,88124e-10
0000000001;00:00:01;0000001001;  24,56;  4,29999e-10
0000000001;00:00:01;0000001001;  24,60; -1,34374e-10
0000000001;00:00:01;0000001001;  24,64;  2,14999e-10
0000000001;00:00:01;0000001001;  24,68;  2,95624e-10
0000000001;00:00:01;0000001001;  24,72; -2,41874e-10
0000000001;00:00:01;0000001001;  24,76;  2,68749e-10
0000000001;00:00:01;0000001001;  24,80;  1,34374e-10
0000000001;00:00:01;0000001001;  24,84; -2,14999e-10
0000000001;00:00:01;0000001001;  24,88;  3,22499e-10
0000000001;00:00:01;0000001001;  24,92;  5,37499e-11
0000000001;00:00:01;0000001001;  24,96; -1,07499e-10
0000000001;00:00:01;0000001001;  25,00;  5,10624e-10
0000000001;00:00:01;0000001001;  25,04;  1,61249e-10
0000000001;00:00:01;0000001001;  25,08;  5,37499e-11
0000000001;00:00:01;0000001001;  25,12;  5,91249e-10
0000000001;00:00:01;0000001001;  25,16;  1,07499e-10
0000000001;00:00:01;0000001001;  25,20;  1,88124e-10
0000000001;00:00:01;0000001001;  25,24;  6,98748e-10
0000000001;00:00:01;0000001001;  25,28;  2,95624e-10
0000000001;00:00:01;0000001001;  25,32;  3,49374e-10
0000000001;00:00:01;0000001001;  25,36;  6,18124e-10
0000000001;00:00:01;0000001001;  25,40;  5,37499e-11
0000000001;00:00:01;0000001001;  25,44;  3,76249e-10
0000000001;00:00:01;0000001001;  25,48;  4,29999e-10
0000000001;00:00:01;0000001001;  25,52; -1,07499e-10
0000000001;00:00:01;0000001001;  25,56;  4,03124e-10
0000000001;00:00:01;0000001001;  25,60;  2,68749e-10
0000000001;00:00:01;0000001001;  25,64; -8,06240e-11
0000000001;00:00:01;0000001001;  25,68;  5,37499e-10
0000000001;00:00:01;0000001001;  25,72;  2,14999e-10
0000000001;00:00:01;0000001001;  25,76;  0,00000e+00
0000000001;00:00:01;0000001001;  25,80;  6,44999e-10
0000000001;00:00:01;0000001001;  25,84;  2,95624e-10
0000000001;00:00:01;0000001001;  25,88; -6,18124e-10
0000000001;00:00:01;0000001001;  25,92;  1,96187e-09
0000000001;00:00:01;0000001001;  25,96;  5,37499e-11
0000000001;00:00:01;0000001001;  26,00;  6,71873e-10
0000000001;00:00:01;0000001001;  26,04;  1,18249e-09
0000000001;00:00:01;0000001001;  26,08;  5,37499e-11
0000000001;00:00:01;0000001001;  26,12; -3,22499e-10
0000000001;00:00:01;0000001001;  26,16;  1,34374e-10
0000000001;00:00:01;0000001001;  26,20;  4,56874e-10
0000000001;00:00:01;0000001001;  26,24;  1,20937e-09
0000000001;00:00:01;0000001001;  26,28;  1,58562e-09
0000000001;00:00:01;0000001001;  26,32;  1,66624e-09
0000000001;00:00:01;0000001001;  26,36;  1,74687e-09
0000000001;00:00:01;0000001001;  26,40;  1,28999e-09
0000000001;00:00:01;0000001001;  26,44;  7,52498e-10
0000000001;00:00:01;0000001001;  26,48;  6,71873e-10
0000000001;00:00:01;0000001001;  26,52;  4,56874e-10
0000000001;00:00:01;0000001001;  26,56;  4,83749e-10
0000000001;00:00:01;0000001001;  26,60;  1,10187e-09
0000000001;00:00:01;0000001001;  26,64;  1,18249e-09
0000000001;00:00:01;0000001001;  26,68;  1,26312e-09
0000000001;00:00:01;0000001001;  26,72;  1,58562e-09
0000000001;00:00:01;0000001001;  26,76;  1,15562e-09
0000000001;00:00:01;0000001001;  26,80;  1,04812e-09
0000000001;00:00:01;0000001001;  26,84;  1,53187e-09
0000000001;00:00:01;0000001001;  26,88;  1,23624e-09
0000000001;00:00:01;0000001001;  26,92;  1,71999e-09
0000000001;00:00:01;0000001001;  26,96;  2,36499e-09
0000000001;00:00:01;0000001001;  27,00;  2,28437e-09
0000000001;00:00:01;0000001001;  27,04;  2,92937e-09
0000000001;00:00:01;0000001001;  27,08;  3,30561e-09
0000000001;00:00:01;0000001001;  27,12;  3,30561e-09
0000000001;00:00:01;0000001001;  27,16;  3,97749e-09
0000000001;00:00:01;0000001001;  27,20;  4,51499e-09
0000000001;00:00:01;0000001001;  27,24;  5,15999e-09
0000000001;00:00:01;0000001001;  27,28;  6,47686e-09
0000000001;00:00:01;0000001001;  27,32;  7,39061e-09
0000000001;00:00:01;0000001001;  27,36;  8,59990e-09
0000000001;00:00:01;0000001001;  27,40;  1,05349e-08
0000000001;00:00:01;0000001001;  27,44;  1,20668e-08
0000000001;00:00:01;0000001001;  27,48;  1,40824e-08
0000000001;00:00:01;0000001001;  27,52;  1,77912e-08
0000000001;00:00:01;0000001001;  27,56;  2,06399e-08
0000000001;00:00:01;0000001001;  27,60;  2,32199e-08
0000000001;00:00:01;0000001001;  27,64;  2,45637e-08
0000000001;00:00:01;0000001001;  27,68;  2,37843e-08
0000000001;00:00:01;0000001001;  27,72;  2,30049e-08
0000000001;00:00:01;0000001001;  27,76;  2,23868e-08
0000000001;00:00:01;0000001001;  27,80;  2,14999e-08
0000000001;00:00:01;0000001001;  27,84;  2,24405e-08
0000000001;00:00:01;0000001001;  27,88;  2,42949e-08
0000000001;00:00:01;0000001001;  27,92;  2,76543e-08
0000000001;00:00:01;0000001001;  27,96;  3,33518e-08
0000000001;00:00:01;0000001001;  28,00;  4,04199e-08
0000000001;00:00:01;0000001001;  28,04;  4,89392e-08
0000000001;00:00:01;0000001001;  28,08;  5,84261e-08
0000000001;00:00:01;0000001001;  28,12;  6,87990e-08
0000000001;00:00:01;0000001001;  28,16;  7,99790e-08
0000000001;00:00:01;0000001001;  28,20;  9,38740e-08
0000000001;00:00:01;0000001001;  28,24;  1,08521e-07
0000000001;00:00:01;0000001001;  28,28;  1,22711e-07
0000000001;00:00:01;0000001001;  28,32;  1,35960e-07
0000000001;00:00:01;0000001001;  28,36;  1,41738e-07
0000000001;00:00:01;0000001001;  28,40;  1,27924e-07
0000000001;00:00:01;0000001001;  28,44;  8,99230e-08
0000000001;00:00:01;0000001001;  28,48;  5,44217e-08
0000000001;00:00:01;0000001001;  28,52;  2,32468e-08
0000000001;00:00:01;0000001001;  28,56;  6,96061e-09
0000000001;00:00:01;0000001001;  28,60;  2,14999e-09
0000000001;00:00:01;0000001001;  28,64;  1,58562e-09
0000000001;00:00:01;0000001001;  28,68;  1,37062e-09
0000000001;00:00:01;0000001001;  28,72;  7,52498e-10
0000000001;00:00:01;0000001001;  28,76;  1,07499e-09
0000000001;00:00:01;0000001001;  28,80;  8,86873e-10
0000000001;00:00:01;0000001001;  28,84;  6,18124e-10
0000000001;00:00:01;0000001001;  28,88;  1,10187e-09
0000000001;00:00:01;0000001001;  28,92;  9,67490e-10
0000000001;00:00:01;0000001001;  28,96;  9,13748e-10
0000000001;00:00:01;0000001001;  29,00;  1,66624e-09
0000000001;00:00:01;0000001001;  29,04;  1,45124e-09
0000000001;00:00:01;0000001001;  29,08;  1,74687e-09
0000000001;00:00:01;0000001001;  29,12;  2,41874e-09
0000000001;00:00:01;0000001001;  29,16;  2,33812e-09
0000000001;00:00:01;0000001001;  29,20;  2,79499e-09
0000000001;00:00:01;0000001001;  29,24;  3,43999e-09
0000000001;00:00:01;0000001001;  29,28;  3,25186e-09
0000000001;00:00:01;0000001001;  29,32;  3,78936e-09
0000000001;00:00:01;0000001001;  29,36;  4,05811e-09
0000000001;00:00:01;0000001001;  29,40;  3,11749e-09
0000000001;00:00:01;0000001001;  29,44;  2,71437e-09
0000000001;00:00:01;0000001001;  29,48;  2,20374e-09
0000000001;00:00:01;0000001001;  29,52;  1,39749e-09
0000000001;00:00:01;0000001001;  29,56;  1,71999e-09
0000000001;00:00:01;0000001001;  29,60;  1,58562e-09
0000000001;00:00:01;0000001001;  29,64;  1,31687e-09
0000000001;00:00:01;0000001001;  29,68;  1,85437e-09
0000000001;00:00:01;0000001001;  29,72;  1,53187e-09
0000000001;00:00:01;0000001001;  29,76;  1,31687e-09
0000000001;00:00:01;0000001001;  29,80;  1,90812e-09
0000000001;00:00:01;0000001001;  29,84;  1,55874e-09
0000000001;00:00:01;0000001001;  29,88;  1,71999e-09
0000000001;00:00:01;0000001001;  29,92;  2,36499e-09
0000000001;00:00:01;0000001001;  29,96;  2,20374e-09
0000000001;00:00:01;0000001001;  30,00;  2,71437e-09
0000000001;00:00:01;0000001001;  30,04;  3,62811e-09
0000000001;00:00:01;0000001001;  30,08;  3,73561e-09
0000000001;00:00:01;0000001001;  30,12;  4,54186e-09
0000000001;00:00:01;0000001001;  30,16;  5,48249e-09
0000000001;00:00:01;0000001001;  30,20;  5,83186e-09
0000000001;00:00:01;0000001001;  30,24;  7,06811e-09
0000000001;00:00:01;0000001001;  30,28;  7,82060e-09
0000000001;00:00:01;0000001001;  30,32;  7,73990e-09
0000000001;00:00:01;0000001001;  30,36;  7,68620e-09
0000000001;00:00:01;0000001001;  30,40;  5,85874e-09
0000000001;00:00:01;0000001001;  30,44;  3,81624e-09
0000000001;00:00:01;0000001001;  30,48;  2,90249e-09
0000000001;00:00:01;0000001001;  30,52;  1,28999e-09
0000000001;00:00:01;0000001001;  30,56;  5,10624e-10
0000000001;00:00:01;0000001001;  30,60;  9,67490e-10
0000000001;00:00:01;0000001001;  30,64;  5,64374e-10
0000000001;00:00:01;0000001001;  30,68;  4,56874e-10
0000000001;00:00:01;0000001001;  30,72;  9,94370e-10
0000000001;00:00:01;0000001001;  30,76;  4,56874e-10
0000000001;00:00:01;0000001001;  30,80;  5,91249e-10
0000000001;00:00:01;0000001001;  30,84;  1,04812e-09
0000000001;00:00:01;0000001001;  30,88;  5,37499e-10
0000000001;00:00:01;0000001001;  30,92;  8,86873e-10
0000000001;00:00:01;0000001001;  30,96;  1,12874e-09
0000000001;00:00:01;0000001001;  31,00;  7,79373e-10
0000000001;00:00:01;0000001001;  31,04;  1,26312e-09
0000000001;00:00:01;0000001001;  31,08;  1,45124e-09
0000000001;00:00:01;0000001001;  31,12;  1,34374e-09
0000000001;00:00:01;0000001001;  31,16;  2,12312e-09
0000000001;00:00:01;0000001001;  31,20;  2,31124e-09
0000000001;00:00:01;0000001001;  31,24;  2,33812e-09
0000000001;00:00:01;0000001001;  31,28;  3,19812e-09
0000000001;00:00:01;0000001001;  31,32;  3,19812e-09
0000000001;00:00:01;0000001001;  31,36;  3,25186e-09
0000000001;00:00:01;0000001001;  31,40;  3,81624e-09
0000000001;00:00:01;0000001001;  31,44;  3,54749e-09
0000000001;00:00:01;0000001001;  31,48;  3,73561e-09
0000000001;00:00:01;0000001001;  31,52;  4,59561e-09
0000000001;00:00:01;0000001001;  31,56;  4,38061e-09
0000000001;00:00:01;0000001001;  31,60;  4,86436e-09
0000000001;00:00:01;0000001001;  31,64;  5,18686e-09
0000000001;00:00:01;0000001001;  31,68;  4,67624e-09
0000000001;00:00:01;0000001001;  31,72;  4,75686e-09
0000000001;00:00:01;0000001001;  31,76;  4,91811e-09
0000000001;00:00:01;0000001001;  31,80;  4,51499e-09
0000000001;00:00:01;0000001001;  31,84;  5,13311e-09
0000000001;00:00:01;0000001001;  31,88;  5,50936e-09
0000000001;00:00:01;0000001001;  31,92;  6,01999e-09
0000000001;00:00:01;0000001001;  31,96;  7,39061e-09
0000000001;00:00:01;0000001001;  32,00;  8,62680e-09
0000000001;00:00:01;0000001001;  32,04;  1,01049e-08
0000000001;00:00:01;0000001001;  32,08;  1,25237e-08
0000000001;00:00:01;0000001001;  32,12;  1,44318e-08
0000000001;00:00:01;0000001001;  32,16;  1,65818e-08
0000000001;00:00:01;0000001001;  32,20;  1,93230e-08
0000000001;00:00:01;0000001001;  32,24;  2,07743e-08
0000000001;00:00:01;0000001001;  32,28;  2,12849e-08
0000000001;00:00:01;0000001001;  32,32;  2,05862e-08
0000000001;00:00:01;0000001001;  32,36;  1,68237e-08
0000000001;00:00:01;0000001001;  32,40;  1,22012e-08
0000000001;00:00:01;0000001001;  32,44;  8,38490e-09
0000000001;00:00:01;0000001001;  32,48;  4,51499e-09
0000000001;00:00:01;0000001001;  32,52;  1,69312e-09
0000000001;00:00:01;0000001001;  32,56;  6,44999e-10
0000000001;00:00:01;0000001001;  32,60; -1,07499e-10
0000000001;00:00:01;0000001001;  32,64;  2,95624e-10
0000000001;00:00:01;0000001001;  32,68;  1,34374e-10
0000000001;00:00:01;0000001001;  32,72; -1,34374e-10
0000000001;00:00:01;0000001001;  32,76;  2,95624e-10
0000000001;00:00:01;0000001001;  32,80;  5,37499e-11
0000000001;00:00:01;0000001001;  32,84; -1,34374e-10
0000000001;00:00:01;0000001001;  32,88;  4,56874e-10
0000000001;00:00:01;0000001001;  32,92;  2,68749e-11
0000000001;00:00:01;0000001001;  32,96; -5,37499e-11
0000000001;00:00:01;0000001001;  33,00;  4,29999e-10
0000000001;00:00:01;0000001001;  33,04;  2,68749e-11
0000000001;00:00:01;0000001001;  33,08;  0,00000e+00
0000000001;00:00:01;0000001001;  33,12;  3,76249e-10
0000000001;00:00:01;0000001001;  33,16; -1,07499e-10
0000000001;00:00:01;0000001001;  33,20;  5,37499e-11
0000000001;00:00:01;0000001001;  33,24;  3,49374e-10
0000000001;00:00:01;0000001001;  33,28; -1,88124e-10
0000000001;00:00:01;0000001001;  33,32;  1,34374e-10
0000000001;00:00:01;0000001001;  33,36;  1,34374e-10
0000000001;00:00:01;0000001001;  33,40; -2,41874e-10
0000000001;00:00:01;0000001001;  33,44;  1,61249e-10
0000000001;00:00:01;0000001001;  33,48;  5,37499e-11
0000000001;00:00:01;0000001001;  33,52; -1,88124e-10
0000000001;00:00:01;0000001001;  33,56;  3,22499e-10
0000000001;00:00:01;0000001001;  33,60;  2,68749e-11
0000000001;00:00:01;0000001001;  33,64; -1,88124e-10
0000000001;00:00:01;0000001001;  33,68;  4,29999e-10
0000000001;00:00:01;0000001001;  33,72;  5,37499e-11
0000000001;00:00:01;0000001001;  33,76; -1,07499e-10
0000000001;00:00:01;0000001001;  33,80;  4,03124e-10
0000000001;00:00:01;0000001001;  33,84;  2,68749e-11
0000000001;00:00:01;0000001001;  33,88;  0,00000e+00
0000000001;00:00:01;0000001001;  33,92;  4,29999e-10
0000000001;00:00:01;0000001001;  33,96; -1,34374e-10
0000000001;00:00:01;0000001001;  34,00;  8,06240e-11
0000000001;00:00:01;0000001001;  34,04;  3,49374e-10
0000000001;00:00:01;0000001001;  34,08; -1,88124e-10
0000000001;00:00:01;0000001001;  34,12;  1,61249e-10
0000000001;00:00:01;0000001001;  34,16;  1,34374e-10
0000000001;00:00:01;0000001001;  34,20; -1,88124e-10
0000000001;00:00:01;0000001001;  34,24;  2,41874e-10
0000000001;00:00:01;0000001001;  34,28;  1,07499e-10
0000000001;00:00:01;0000001001;  34,32; -1,07499e-10
0000000001;00:00:01;0000001001;  34,36;  2,95624e-10
0000000001;00:00:01;0000001001;  34,40;  2,68749e-11
0000000001;00:00:01;0000001001;  34,44; -1,07499e-10
0000000001;00:00:01;0000001001;  34,48;  4,03124e-10
0000000001;00:00:01;0000001001;  34,52;  0,00000e+00
0000000001;00:00:01;0000001001;  34,56; -5,37499e-11
0000000001;00:00:01;0000001001;  34,60;  4,29999e-10
0000000001;00:00:01;0000001001;  34,64; -2,68749e-11
0000000001;00:00:01;0000001001;  34,68; -2,68749e-11
0000000001;00:00:01;0000001001;  34,72;  3,49374e-10
0000000001;00:00:01;0000001001;  34,76; -1,34374e-10
0000000001;00:00:01;0000001001;  34,80;  1,07499e-10
0000000001;00:00:01;0000001001;  34,84;  2,41874e-10
0000000001;00:00:01;0000001001;  34,88; -2,14999e-10
0000000001;00:00:01;0000001001;  34,92;  1,88124e-10
0000000001;00:00:01;0000001001;  34,96;  8,06240e-11
0000000001;00:00:01;0000001001;  35,00; -2,14999e-10
0000000001;00:00:01;0000001001;  35,04;  2,41874e-10
0000000001;00:00:01;0000001001;  35,08; -5,37499e-11
0000000001;00:00:01;0000001001;  35,12; -2,95624e-10
0000000001;00:00:01;0000001001;  35,16;  2,68749e-10
0000000001;00:00:01;0000001001;  35,20; -5,37499e-11
0000000001;00:00:01;0000001001;  35,24; -8,06240e-11
0000000001;00:00:01;0000001001;  35,28;  4,29999e-10
0000000001;00:00:01;0000001001;  35,32;  0,00000e+00
0000000001;00:00:01;0000001001;  35,36;  5,37499e-11
0000000001;00:00:01;0000001001;  35,40;  4,03124e-10
0000000001;00:00:01;0000001001;  35,44; -8,06240e-11
0000000001;00:00:01;0000001001;  35,48;  2,68749e-11
0000000001;00:00:01;0000001001;  35,52;  2,68749e-10
0000000001;00:00:01;0000001001;  35,56; -1,88124e-10
0000000001;00:00:01;0000001001;  35,60;  2,68749e-11
0000000001;00:00:01;0000001001;  35,64;  1,61249e-10
0000000001;00:00:01;0000001001;  35,68; -1,88124e-10
0000000001;00:00:01;0000001001;  35,72;  2,41874e-10
0000000001;00:00:01;0000001001;  35,76;  1,07499e-10
0000000001;00:00:01;0000001001;  35,80; -1,88124e-10
0000000001;00:00:01;0000001001;  35,84;  2,14999e-10
0000000001;00:00:01;0000001001;  35,88;  0,00000e+00
0000000001;00:00:01;0000001001;  35,92; -2,14999e-10
0000000001;00:00:01;0000001001;  35,96;  3,49374e-10
0000000001;00:00:01;0000001001;  36,00;  2,68749e-11
0000000001;00:00:01;0000001001;  36,04; -8,06240e-11
0000000001;00:00:01;0000001001;  36,08;  5,10624e-10
0000000001;00:00:01;0000001001;  36,12; -2,68749e-11
0000000001;00:00:01;0000001001;  36,16; -5,37499e-11
0000000001;00:00:01;0000001001;  36,20;  4,56874e-10
0000000001;00:00:01;0000001001;  36,24; -1,34374e-10
0000000001;00:00:01;0000001001;  36,28;  2,68749e-11
0000000001;00:00:01;0000001001;  36,32;  2,95624e-10
0000000001;00:00:01;0000001001;  36,36; -1,88124e-10
0000000001;00:00:01;0000001001;  36,40;  1,34374e-10
0000000001;00:00:01;0000001001;  36,44;  1,88124e-10
0000000001;00:00:01;0000001001;  36,48; -2,14999e-10
0000000001;00:00:01;0000001001;  36,52;  1,34374e-10
0000000001;00:00:01;0000001001;  36,56;  5,37499e-11
0000000001;00:00:01;0000001001;  36,60; -2,41874e-10
0000000001;00:00:01;0000001001;  36,64;  2,68749e-10
0000000001;00:00:01;0000001001;  36,68; -2,68749e-11
0000000001;00:00:01;0000001001;  36,72; -1,34374e-10
0000000001;00:00:01;0000001001;  36,76;  3,76249e-10
0000000001;00:00:01;0000001001;  36,80;  0,00000e+00
0000000001;00:00:01;0000001001;  36,84; -5,37499e-11
0000000001;00:00:01;0000001001;  36,88;  4,56874e-10
0000000001;00:00:01;0000001001;  36,92; -8,06240e-11
0000000001;00:00:01;0000001001;  36,96;  8,06240e-11
0000000001;00:00:01;0000001001;  37,00;  4,29999e-10
0000000001;00:00:01;0000001001;  37,04; -1,07499e-10
0000000001;00:00:01;0000001001;  37,08;  1,07499e-10
0000000001;00:00:01;0000001001;  37,12;  2,95624e-10
0000000001;00:00:01;0000001001;  37,16; -2,14999e-10
0000000001;00:00:01;0000001001;  37,20;  1,34374e-10
0000000001;00:00:01;0000001001;  37,24;  1,07499e-10
0000000001;00:00:01;0000001001;  37,28; -2,14999e-10
0000000001;00:00:01;0000001001;  37,32;  1,88124e-10
0000000001;00:00:01;0000001001;  37,36;  1,07499e-10
0000000001;00:00:01;0000001001;  37,40; -2,14999e-10
0000000001;00:00:01;0000001001;  37,44;  2,95624e-10
0000000001;00:00:01;0000001001;  37,48;  8,06240e-11
0000000001;00:00:01;0000001001;  37,52; -8,06240e-11
0000000001;00:00:01;0000001001;  37,56;  4,56874e-10
0000000001;00:00:01;0000001001;  37,60;  5,37499e-11
0000000001;00:00:01;0000001001;  37,64; -2,68749e-11
0000000001;00:00:01;0000001001;  37,68;  4,29999e-10
0000000001;00:00:01;0000001001;  37,72; -2,68749e-11
0000000001;00:00:01;0000001001;  37,76;  0,00000e+00
0000000001;00:00:01;0000001001;  37,80;  3,49374e-10
0000000001;00:00:01;0000001001;  37,84; -1,61249e-10
0000000001;00:00:01;0000001001;  37,88;  1,07499e-10
0000000001;00:00:01;0000001001;  37,92;  2,41874e-10
0000000001;00:00:01;0000001001;  37,96; -2,14999e-10
0000000001;00:00:01;0000001001;  38,00;  1,61249e-10
0000000001;00:00:01;0000001001;  38,04;  1,07499e-10
0000000001;00:00:01;0000001001;  38,08; -1,88124e-10
0000000001;00:00:01;0000001001;  38,12;  2,41874e-10
0000000001;00:00:01;0000001001;  38,16;  5,37499e-11
0000000001;00:00:01;0000001001;  38,20; -2,14999e-10
0000000001;00:00:01;0000001001;  38,24;  2,95624e-10
0000000001;00:00:01;0000001001;  38,28; -2,68749e-11
0000000001;00:00:01;0000001001;  38,32; -1,07499e-10
0000000001;00:00:01;0000001001;  38,36;  4,29999e-10
0000000001;00:00:01;0000001001;  38,40;  2,68749e-11
0000000001;00:00:01;0000001001;  38,44; -2,68749e-11
0000000001;00:00:01;0000001001;  38,48;  4,56874e-10
0000000001;00:00:01;0000001001;  38,52;  0,00000e+00
0000000001;00:00:01;0000001001;  38,56;  8,06240e-11
0000000001;00:00:01;0000001001;  38,60;  3,49374e-10
0000000001;00:00:01;0000001001;  38,64; -1,61249e-10
0000000001;00:00:01;0000001001;  38,68;  1,07499e-10
0000000001;00:00:01;0000001001;  38,72;  2,41874e-10
0000000001;00:00:01;0000001001;  38,76; -1,61249e-10
0000000001;00:00:01;0000001001;  38,80;  1,88124e-10
0000000001;00:00:01;0000001001;  38,84;  1,07499e-10
0000000001;00:00:01;0000001001;  38,88; -2,14999e-10
0000000001;00:00:01;0000001001;  38,92;  2,68749e-10
0000000001;00:00:01;0000001001;  38,96;  2,68749e-11
0000000001;00:00:01;0000001001;  39,00; -1,61249e-10
0000000001;00:00:01;0000001001;  39,04;  3,49374e-10
0000000001;00:00:01;0000001001;  39,08;  1,07499e-10
0000000001;00:00:01;0000001001;  39,12; -8,06240e-11
0000000001;00:00:01;0000001001;  39,16;  4,83749e-10
0000000001;00:00:01;0000001001;  39,20;  5,37499e-11
0000000001;00:00:01;0000001001;  39,24;  2,68749e-11
0000000001;00:00:01;0000001001;  39,28;  5,64374e-10
0000000001;00:00:01;0000001001;  39,32;  5,37499e-11
0000000001;00:00:01;0000001001;  39,36;  1,34374e-10
0000000001;00:00:01;0000001001;  39,40;  5,37499e-10
0000000001;00:00:01;0000001001;  39,44;  1,07499e-10
0000000001;00:00:01;0000001001;  39,48;  3,49374e-10
0000000001;00:00:01;0000001001;  39,52;  5,91249e-10
0000000001;00:00:01;0000001001;  39,56;  5,37499e-11
0000000001;00:00:01;0000001001;  39,60;  5,10624e-10
0000000001;00:00:01;0000001001;  39,64;  4,03124e-10
0000000001;00:00:01;0000001001;  39,68;  1,34374e-10
0000000001;00:00:01;0000001001;  39,72;  5,64374e-10
0000000001;00:00:01;0000001001;  39,76;  3,76249e-10
0000000001;00:00:01;0000001001;  39,80;  2,14999e-10
0000000001;00:00:01;0000001001;  39,84;  7,25623e-10
0000000001;00:00:01;0000001001;  39,88;  4,83749e-10
0000000001;00:00:01;0000001001;  39,92;  3,49374e-10
0000000001;00:00:01;0000001001;  39,96;  9,67490e-10
0000000001;00:00:01;0000001001;  40,00;  6,18124e-10
0000000001;00:00:01;0000001001;  40,04;  6,98748e-10
0000000001;00:00:01;0000001001;  40,08;  1,15562e-09
0000000001;00:00:01;0000001001;  40,12;  7,52498e-10
0000000001;00:00:01;0000001001;  40,16;  8,59998e-10
0000000001;00:00:01;0000001001;  40,20;  1,18249e-09
0000000001;00:00:01;0000001001;  40,24;  6,44999e-10
0000000001;00:00:01;0000001001;  40,28;  8,06248e-10
0000000001;00:00:01;0000001001;  40,32;  8,59998e-10
0000000001;00:00:01;0000001001;  40,36;  2,95624e-10
0000000001;00:00:01;0000001001;  40,40;  5,91249e-10
0000000001;00:00:01;0000001001;  40,44;  4,03124e-10
0000000001;00:00:01;0000001001;  40,48; -1,07499e-10
0000000001;00:00:01;0000001001;  40,52;  2,41874e-10
0000000001;00:00:01;0000001001;  40,56;  1,07499e-10
0000000001;00:00:01;0000001001;  40,60; -1,61249e-10
0000000001;00:00:01;0000001001;  40,64;  2,68749e-10
0000000001;00:00:01;0000001001;  40,68;  0,00000e+00
0000000001;00:00:01;0000001001;  40,72; -8,06240e-11
0000000001;00:00:01;0000001001;  40,76;  3,76249e-10
0000000001;00:00:01;0000001001;  40,80;  8,06240e-11
0000000001;00:00:01;0000001001;  40,84;  2,68749e-11
0000000001;00:00:01;0000001001;  40,88;  4,83749e-10
0000000001;00:00:01;0000001001;  40,92; -2,68749e-11
0000000001;00:00:01;0000001001;  40,96;  1,07499e-10
0000000001;00:00:01;0000001001;  41,00;  3,49374e-10
0000000001;00:00:01;0000001001;  41,04; -1,61249e-10
0000000001;00:00:01;0000001001;  41,08;  1,34374e-10
0000000001;00:00:01;0000001001;  41,12;  3,49374e-10
0000000001;00:00:01;0000001001;  41,16; -1,88124e-10
0000000001;00:00:01;0000001001;  41,20;  2,14999e-10
0000000001;00:00:01;0000001001;  41,24;  1,61249e-10
0000000001;00:00:01;0000001001;  41,28; -1,07499e-10
0000000001;00:00:01;0000001001;  41,32;  2,95624e-10
0000000001;00:00:01;0000001001;  41,36;  8,06240e-11
0000000001;00:00:01;0000001001;  41,40; -1,34374e-10
0000000001;00:00:01;0000001001;  41,44;  4,03124e-10
0000000001;00:00:01;0000001001;  41,48;  8,06240e-11
0000000001;00:00:01;0000001001;  41,52; -5,37499e-11
0000000001;00:00:01;0000001001;  41,56;  5,10624e-10
0000000001;00:00:01;0000001001;  41,60;  1,07499e-10
0000000001;00:00:01;0000001001;  41,64;  1,07499e-10
0000000001;00:00:01;0000001001;  41,68;  5,10624e-10
0000000001;00:00:01;0000001001;  41,72;  0,00000e+00
0000000001;00:00:01;0000001001;  41,76;  1,34374e-10
0000000001;00:00:01;0000001001;  41,80;  4,56874e-10
0000000001;00:00:01;0000001001;  41,84; -5,37499e-11
0000000001;00:00:01;0000001001;  41,88;  1,34374e-10
0000000001;00:00:01;0000001001;  41,92;  3,22499e-10
0000000001;00:00:01;0000001001;  41,96; -2,14999e-10
0000000001;00:00:01;0000001001;  42,00;  2,14999e-10
0000000001;00:00:01;0000001001;  42,04;  1,61249e-10
0000000001;00:00:01;0000001001;  42,08; -1,88124e-10
0000000001;00:00:01;0000001001;  42,12;  4,03124e-10
0000000001;00:00:01;0000001001;  42,16;  2,14999e-10
0000000001;00:00:01;0000001001;  42,20; -8,06240e-11
0000000001;00:00:01;0000001001;  42,24;  5,10624e-10
0000000001;00:00:01;0000001001;  42,28;  1,07499e-10
0000000001;00:00:01;0000001001;  42,32;  0,00000e+00
0000000001;00:00:01;0000001001;  42,36;  5,10624e-10
0000000001;00:00:01;0000001001;  42,40;  1,61249e-10
0000000001;00:00:01;0000001001;  42,44;  5,37499e-11
0000000001;00:00:01;0000001001;  42,48;  5,10624e-10
0000000001;00:00:01;0000001001;  42,52;  0,00000e+00
0000000001;00:00:01;0000001001;  42,56;  1,07499e-10
0000000001;00:00:01;0000001001;  42,60;  4,03124e-10
0000000001;00:00:01;0000001001;  42,64; -1,07499e-10
0000000001;00:00:01;0000001001;  42,68;  1,61249e-10
0000000001;00:00:01;0000001001;  42,72;  2,68749e-10
0000000001;00:00:01;0000001001;  42,76; -8,06240e-11
0000000001;00:00:01;0000001001;  42,80;  2,68749e-10
0000000001;00:00:01;0000001001;  42,84;  1,61249e-10
0000000001;00:00:01;0000001001;  42,88; -8,06240e-11
0000000001;00:00:01;0000001001;  42,92;  3,22499e-10
0000000001;00:00:01;0000001001;  42,96;  1,88124e-10
0000000001;00:00:01;0000001001;  43,00; -5,37499e-11
0000000001;00:00:01;0000001001;  43,04;  5,10624e-10
0000000001;00:00:01;0000001001;  43,08;  1,88124e-10
0000000001;00:00:01;0000001001;  43,12;  8,06240e-11
0000000001;00:00:01;0000001001;  43,16;  5,37499e-10
0000000001;00:00:01;0000001001;  43,20;  2,68749e-10
0000000001;00:00:01;0000001001;  43,24;  1,88124e-10
0000000001;00:00:01;0000001001;  43,28;  6,98748e-10
0000000001;00:00:01;0000001001;  43,32;  8,06240e-11
0000000001;00:00:01;0000001001;  43,36;  2,95624e-10
0000000001;00:00:01;0000001001;  43,40;  5,64374e-10
0000000001;00:00:01;0000001001;  43,44; -2,68749e-11
0000000001;00:00:01;0000001001;  43,48;  4,03124e-10
0000000001;00:00:01;0000001001;  43,52;  4,29999e-10
0000000001;00:00:01;0000001001;  43,56;  2,68749e-11
0000000001;00:00:01;0000001001;  43,60;  5,37499e-10
0000000001;00:00:01;0000001001;  43,64;  4,56874e-10
0000000001;00:00:01;0000001001;  43,68;  1,88124e-10
0000000001;00:00:01;0000001001;  43,72;  6,44999e-10
0000000001;00:00:01;0000001001;  43,76;  3,76249e-10
0000000001;00:00:01;0000001001;  43,80;  1,88124e-10
0000000001;00:00:01;0000001001;  43,84;  6,98748e-10
0000000001;00:00:01;0000001001;  43,88;  4,03124e-10
0000000001;00:00:01;0000001001;  43,92;  3,22499e-10
0000000001;00:00:01;0000001001;  43,96;  9,13748e-10
0000000001;00:00:01;0000001001;  44,00;  5,10624e-10
0000000001;00:00:01;0000001001;  44,04;  6,44999e-10
0000000001;00:00:01;0000001001;  44,08;  1,02124e-09
0000000001;00:00:01;0000001001;  44,12;  6,18124e-10
0000000001;00:00:01;0000001001;  44,16;  8,06248e-10
0000000001;00:00:01;0000001001;  44,20;  1,07499e-09
0000000001;00:00:01;0000001001;  44,24;  5,64374e-10
0000000001;00:00:01;0000001001;  44,28;  8,33123e-10
0000000001;00:00:01;0000001001;  44,32;  8,59998e-10
0000000001;00:00:01;0000001001;  44,36;  2,95624e-10
0000000001;00:00:01;0000001001;  44,40;  6,98748e-10
0000000001;00:00:01;0000001001;  44,44;  4,56874e-10
0000000001;00:00:01;0000001001;  44,48;  0,00000e+00
0000000001;00:00:01;0000001001;  44,52;  4,03124e-10
0000000001;00:00:01;0000001001;  44,56;  1,88124e-10
0000000001;00:00:01;0000001001;  44,60; -1,07499e-10
0000000001;00:00:01;0000001001;  44,64;  4,56874e-10
0000000001;00:00:01;0000001001;  44,68;  1,34374e-10
0000000001;00:00:01;0000001001;  44,72; -5,37499e-11
0000000001;00:00:01;0000001001;  44,76;  5,37499e-10
0000000001;00:00:01;0000001001;  44,80; -1,88124e-10
0000000001;00:00:01;0000001001;  44,84;  0,00000e+00
0000000001;00:00:01;0000001001;  44,88;  5,37499e-10
0000000001;00:00:01;0000001001;  44,92; -5,37499e-11
0000000001;00:00:01;0000001001;  44,96;  1,34374e-10
0000000001;00:00:01;0000001001;  45,00;  4,29999e-10
0000000001;00:00:01;0000001001;  45,04; -1,07499e-10
0000000001;00:00:01;0000001001;  45,08;  2,14999e-10
0000000001;00:00:01;0000001001;  45,12;  2,68749e-10
0000000001;00:00:01;0000001001;  45,16; -1,61249e-10
0000000001;00:00:01;0000001001;  45,20;  3,22499e-10
0000000001;00:00:01;0000001001;  45,24;  2,14999e-10
0000000001;00:00:01;0000001001;  45,28; -1,07499e-10
0000000001;00:00:01;0000001001;  45,32;  4,29999e-10
0000000001;00:00:01;0000001001;  45,36;  2,14999e-10
0000000001;00:00:01;0000001001;  45,40; -2,68749e-11
0000000001;00:00:01;0000001001;  45,44;  5,10624e-10
0000000001;00:00:01;0000001001;  45,48;  5,37499e-11
0000000001;00:00:01;0000001001;  45,52; -2,68749e-11
0000000001;00:00:01;0000001001;  45,56;  4,83749e-10
0000000001;00:00:01;0000001001;  45,60;  0,00000e+00
0000000001;00:00:01;0000001001;  45,64;  0,00000e+00
0000000001;00:00:01;0000001001;  45,68;  5,10624e-10
0000000001;00:00:01;0000001001;  45,72; -8,06240e-11
0000000001;00:00:01;0000001001;  45,76;  8,06240e-11
0000000001;00:00:01;0000001001;  45,80;  3,22499e-10
0000000001;00:00:01;0000001001;  45,84; -1,88124e-10
0000000001;00:00:01;0000001001;  45,88;  1,61249e-10
0000000001;00:00:01;0000001001;  45,92;  1,34374e-10
0000000001;00:00:01;0000001001;  45,96; -2,14999e-10
0000000001;00:00:01;0000001001;  46,00;  2,68749e-10
0000000001;00:00:01;0000001001;  46,04;  1,07499e-10
0000000001;00:00:01;0000001001;  46,08; -1,34374e-10
0000000001;00:00:01;0000001001;  46,12;  3,76249e-10
0000000001;00:00:01;0000001001;  46,16;  2,68749e-11
0000000001;00:00:01;0000001001;  46,20; -1,61249e-10
0000000001;00:00:01;0000001001;  46,24;  4,56874e-10
0000000001;00:00:01;0000001001;  46,28;  1,34374e-10
0000000001;00:00:01;0000001001;  46,32; -5,37499e-11
0000000001;00:00:01;0000001001;  46,36;  5,10624e-10
0000000001;00:00:01;0000001001;  46,40;  0,00000e+00
0000000001;00:00:01;0000001001;  46,44;  8,06240e-11
0000000001;00:00:01;0000001001;  46,48;  4,56874e-10
0000000001;00:00:01;0000001001;  46,52; -2,95624e-10
0000000001;00:00:01;0000001001;  46,56; -2,68749e-11
0000000001;00:00:01;0000001001;  46,60;  2,95624e-10
0000000001;00:00:01;0000001001;  46,64; -1,07499e-10
0000000001;00:00:01;0000001001;  46,68;  2,68749e-10
0000000001;00:00:01;0000001001;  46,72;  2,14999e-10
0000000001;00:00:01;0000001001;  46,76; -1,88124e-10
0000000001;00:00:01;0000001001;  46,80;  1,61249e-10
0000000001;00:00:01;0000001001;  46,84; -5,37499e-11
0000000001;00:00:01;0000001001;  46,88; -2,14999e-10
0000000001;00:00:01;0000001001;  46,92;  3,22499e-10
0000000001;00:00:01;0000001001;  46,96;  1,07499e-10
0000000001;00:00:01;0000001001;  47,00; -8,06240e-11
0000000001;00:00:01;0000001001;  47,04;  4,56874e-10
0000000001;00:00:01;0000001001;  47,08;  5,37499e-11
0000000001;00:00:01;0000001001;  47,12;  2,68749e-11
0000000001;00:00:01;0000001001;  47,16;  3,76249e-10
0000000001;00:00:01;0000001001;  47,20; -1,34374e-10
0000000001;00:00:01;0000001001;  47,24; -2,68749e-11
0000000001;00:00:01;0000001001;  47,28;  2,95624e-10
0000000001;00:00:01;0000001001;  47,32; -1,34374e-10
0000000001;00:00:01;0000001001;  47,36;  1,88124e-10
0000000001;00:00:01;0000001001;  47,40;  2,95624e-10
0000000001;00:00:01;0000001001;  47,44; -1,88124e-10
0000000001;00:00:01;0000001001;  47,48;  1,61249e-10
0000000001;00:00:01;0000001001;  47,52;  2,68749e-11
0000000001;00:00:01;0000001001;  47,56; -2,68749e-10
0000000001;00:00:01;0000001001;  47,60;  2,41874e-10
0000000001;00:00:01;0000001001;  47,64;  0,00000e+00
0000000001;00:00:01;0000001001;  47,68; -2,14999e-10
0000000001;00:00:01;0000001001;  47,72;  3,76249e-10
0000000001;00:00:01;0000001001;  47,76;  0,00000e+00
0000000001;00:00:01;0000001001;  47,80; -1,34374e-10
0000000001;00:00:01;0000001001;  47,84;  3,76249e-10
0000000001;00:00:01;0000001001;  47,88; -2,68749e-11
0000000001;00:00:01;0000001001;  47,92; -8,06240e-11
0000000001;00:00:01;0000001001;  47,96;  3,76249e-10
0000000001;00:00:01;0000001001;  48,00; -8,06240e-11
0000000001;00:00:01;0000001001;  48,04;  5,37499e-11
0000000001;00:00:01;0000001001;  48,08;  4,03124e-10
0000000001;00:00:01;0000001001;  48,12; -1,34374e-10
0000000001;00:00:01;0000001001;  48,16;  8,06240e-11
0000000001;00:00:01;0000001001;  48,20;  1,61249e-10
0000000001;00:00:01;0000001001;  48,24; -2,14999e-10
0000000001;00:00:01;0000001001;  48,28;  2,95624e-10
0000000001;00:00:01;0000001001;  48,32;  5,37499e-11
0000000001;00:00:01;0000001001;  48,36; -2,14999e-10
0000000001;00:00:01;0000001001;  48,40;  2,14999e-10
0000000001;00:00:01;0000001001;  48,44;  2,68749e-11
0000000001;00:00:01;0000001001;  48,48; -1,88124e-10
0000000001;00:00:01;0000001001;  48,52;  3,22499e-10
0000000001;00:00:01;0000001001;  48,56; -2,68749e-11
0000000001;00:00:01;0000001001;  48,60; -8,06240e-11
0000000001;00:00:01;0000001001;  48,64;  3,76249e-10
0000000001;00:00:01;0000001001;  48,68; -5,37499e-11
0000000001;00:00:01;0000001001;  48,72;  0,00000e+00
0000000001;00:00:01;0000001001;  48,76;  4,29999e-10
0000000001;00:00:01;0000001001;  48,80; -1,34374e-10
0000000001;00:00:01;0000001001;  48,84;  8,06240e-11
0000000001;00:00:01;0000001001;  48,88;  3,49374e-10
0000000001;00:00:01;0000001001;  48,92; -1,88124e-10
0000000001;00:00:01;0000001001;  48,96;  1,61249e-10
0000000001;00:00:01;0000001001;  49,00;  2,14999e-10
0000000001;00:00:01;0000001001;  49,04; -2,14999e-10
0000000001;00:00:01;0000001001;  49,08;  2,68749e-10
0000000001;00:00:01;0000001001;  49,12;  1,07499e-10
0000000001;00:00:01;0000001001;  49,16; -2,14999e-10
0000000001;00:00:01;0000001001;  49,20;  2,14999e-10
0000000001;00:00:01;0000001001;  49,24;  0,00000e+00
0000000001;00:00:01;0000001001;  49,28; -1,34374e-10
0000000001;00:00:01;0000001001;  49,32;  3,76249e-10
0000000001;00:00:01;0000001001;  49,36; -8,06240e-11
0000000001;00:00:01;0000001001;  49,40; -1,07499e-10
0000000001;00:00:01;0000001001;  49,44;  4,29999e-10
0000000001;00:00:01;0000001001;  49,48; -8,06240e-11
0000000001;00:00:01;0000001001;  49,52;  0,00000e+00
0000000001;00:00:01;0000001001;  49,56;  3,49374e-10
0000000001;00:00:01;0000001001;  49,60; -1,34374e-10
0000000001;00:00:01;0000001001;  49,64;  8,06240e-11
0000000001;00:00:01;0000001001;  49,68;  2,95624e-10
0000000001;00:00:01;0000001001;  49,72; -1,61249e-10
0000000001;00:00:01;0000001001;  49,76;  1,34374e-10
0000000001;00:00:01;0000001001;  49,80;  1,61249e-10
0000000001;00:00:01;0000001001;  49,84; -2,14999e-10
0000000001;00:00:01;0000001001;  49,88;  1,88124e-10
0000000001;00:00:01;0000001001;  49,92;  2,68749e-11
0000000001;00:00:01;0000001001;  49,96; -2,14999e-10
0000000001;00:00:01;0000001001;  50,00;  2,14999e-10
0000000001;00:00:01;0000001001;  50,04; -2,68749e-11
0000000001;00:00:01;0000001001;  50,08; -1,88124e-10
0000000001;00:00:01;0000001001;  50,12;  4,29999e-10
0000000001;00:00:01;0000001001;  50,16;  2,68749e-11
0000000001;00:00:01;0000001001;  50,20;  0,00000e+00
0000000001;00:00:01;0000001001;  50,24;  4,03124e-10
0000000001;00:00:01;0000001001;  50,28; -5,37499e-11
0000000001;00:00:01;0000001001;  50,32;  2,68749e-11
0000000001;00:00:01;0000001001;  50,36;  4,03124e-10
0000000001;00:00:01;0000001001;  50,40; -1,34374e-10
0000000001;00:00:01;0000001001;  50,44;  8,06240e-11
0000000001;00:00:01;0000001001;  50,48;  3,76249e-10
0000000001;00:00:01;0000001001;  50,52; -2,14999e-10
0000000001;00:00:01;0000001001;  50,56;  1,07499e-10
0000000001;00:00:01;0000001001;  50,60;  1,88124e-10
0000000001;00:00:01;0000001001;  50,64; -3,22499e-10
0000000001;00:00:01;0000001001;  50,68;  1,61249e-10
0000000001;00:00:01;0000001001;  50,72;  0,00000e+00
0000000001;00:00:01;0000001001;  50,76; -2,95624e-10
0000000001;00:00:01;0000001001;  50,80;  2,68749e-10
0000000001;00:00:01;0000001001;  50,84;  1,34374e-10
0000000001;00:00:01;0000001001;  50,88; -1,61249e-10
0000000001;00:00:01;0000001001;  50,92;  4,29999e-10
0000000001;00:00:01;0000001001;  50,96;  2,68749e-11
0000000001;00:00:01;0000001001;  51,00; -8,06240e-11
0000000001;00:00:01;0000001001;  51,04;  4,56874e-10
0000000001;00:00:01;0000001001;  51,08; -2,68749e-11
0000000001;00:00:01;0000001001;  51,12;  5,37499e-11
0000000001;00:00:01;0000001001;  51,16;  5,10624e-10
0000000001;00:00:01;0000001001;  51,20; -1,07499e-10
0000000001;00:00:01;0000001001;  51,24;  1,07499e-10
0000000001;00:00:01;0000001001;  51,28;  2,14999e-10
0000000001;00:00:01;0000001001;  51,32; -1,88124e-10
0000000001;00:00:01;0000001001;  51,36;  1,61249e-10
0000000001;00:00:01;0000001001;  51,40;  1,34374e-10
0000000001;00:00:01;0000001001;  51,44; -2,41874e-10
0000000001;00:00:01;0000001001;  51,48;  2,14999e-10
0000000001;00:00:01;0000001001;  51,52;  5,37499e-11
0000000001;00:00:01;0000001001;  51,56; -2,41874e-10
0000000001;00:00:01;0000001001;  51,60;  2,95624e-10
0000000001;00:00:01;0000001001;  51,64;  5,37499e-11
0000000001;00:00:01;0000001001;  51,68; -1,61249e-10
0000000001;00:00:01;0000001001;  51,72;  4,03124e-10
0000000001;00:00:01;0000001001;  51,76; -2,68749e-11
0000000001;00:00:01;0000001001;  51,80; -5,37499e-11
0000000001;00:00:01;0000001001;  51,84;  4,03124e-10
0000000001;00:00:01;0000001001;  51,88; -5,37499e-11
0000000001;00:00:01;0000001001;  51,92;  0,00000e+00
0000000001;00:00:01;0000001001;  51,96;  2,41874e-10
0000000001;00:00:01;0000001001;  52,00; -1,07499e-10
0000000001;00:00:01;0000001001;  52,04;  5,37499e-11
0000000001;00:00:01;0000001001;  52,08;  2,68749e-10
0000000001;00:00:01;0000001001;  52,12; -2,14999e-10
0000000001;00:00:01;0000001001;  52,16;  1,61249e-10
0000000001;00:00:01;0000001001;  52,20;  1,34374e-10
0000000001;00:00:01;0000001001;  52,24; -2,41874e-10
0000000001;00:00:01;0000001001;  52,28;  2,41874e-10
0000000001;00:00:01;0000001001;  52,32;  8,06240e-11
0000000001;00:00:01;0000001001;  52,36; -1,88124e-10
0000000001;00:00:01;0000001001;  52,40;  3,49374e-10
0000000001;00:00:01;0000001001;  52,44;  5,37499e-11
0000000001;00:00:01;0000001001;  52,48; -1,07499e-10
0000000001;00:00:01;0000001001;  52,52;  4,03124e-10
0000000001;00:00:01;0000001001;  52,56; -5,37499e-11
0000000001;00:00:01;0000001001;  52,60;  2,68749e-11
0000000001;00:00:01;0000001001;  52,64;  4,83749e-10
0000000001;00:00:01;0000001001;  52,68; -2,68749e-11
0000000001;00:00:01;0000001001;  52,72;  8,06240e-11
0000000001;00:00:01;0000001001;  52,76;  3,76249e-10
0000000001;00:00:01;0000001001;  52,80; -1,88124e-10
0000000001;00:00:01;0000001001;  52,84;  1,07499e-10
0000000001;00:00:01;0000001001;  52,88;  2,41874e-10
0000000001;00:00:01;0000001001;  52,92; -2,14999e-10
0000000001;00:00:01;0000001001;  52,96;  1,34374e-10
0000000001;00:00:01;0000001001;  53,00;  1,07499e-10
0000000001;00:00:01;0000001001;  53,04; -2,41874e-10
0000000001;00:00:01;0000001001;  53,08;  2,41874e-10
0000000001;00:00:01;0000001001;  53,12;  5,37499e-11
0000000001;00:00:01;0000001001;  53,16; -2,14999e-10
0000000001;00:00:01;0000001001;  53,20;  3,22499e-10
0000000001;00:00:01;0000001001;  53,24; -2,68749e-11
0000000001;00:00:01;0000001001;  53,28; -8,06240e-11
0000000001;00:00:01;0000001001;  53,32;  5,10624e-10
0000000001;00:00:01;0000001001;  53,36;  8,06240e-11
0000000001;00:00:01;0000001001;  53,40; -2,68749e-11
0000000001;00:00:01;0000001001;  53,44;  4,56874e-10
0000000001;00:00:01;0000001001;  53,48; -1,34374e-10
0000000001;00:00:01;0000001001;  53,52;  0,00000e+00
0000000001;00:00:01;0000001001;  53,56;  2,95624e-10
0000000001;00:00:01;0000001001;  53,60; -2,14999e-10
0000000001;00:00:01;0000001001;  53,64;  2,68749e-11
0000000001;00:00:01;0000001001;  53,68;  2,14999e-10
0000000001;00:00:01;0000001001;  53,72; -2,68749e-10
0000000001;00:00:01;0000001001;  53,76;  1,07499e-10
0000000001;00:00:01;0000001001;  53,80;  8,06240e-11
0000000001;00:00:01;0000001001;  53,84; -2,41874e-10
0000000001;00:00:01;0000001001;  53,88;  2,14999e-10
0000000001;00:00:01;0000001001;  53,92;  2,68749e-11
0000000001;00:00:01;0000001001;  53,96; -1,88124e-10
0000000001;00:00:01;0000001001;  54,00;  3,49374e-10
0000000001;00:00:01;0000001001;  54,04;  0,00000e+00
0000000001;00:00:01;0000001001;  54,08; -8,06240e-11
0000000001;00:00:01;0000001001;  54,12;  4,03124e-10
0000000001;00:00:01;0000001001;  54,16;  0,00000e+00
0000000001;00:00:01;0000001001;  54,20; -2,68749e-11
0000000001;00:00:01;0000001001;  54,24;  4,03124e-10
0000000001;00:00:01;0000001001;  54,28; -1,07499e-10
0000000001;00:00:01;0000001001;  54,32;  5,37499e-11
0000000001;00:00:01;0000001001;  54,36;  3,22499e-10
0000000001;00:00:01;0000001001;  54,40; -2,41874e-10
0000000001;00:00:01;0000001001;  54,44;  1,34374e-10
0000000001;00:00:01;0000001001;  54,48;  1,61249e-10
0000000001;00:00:01;0000001001;  54,52; -2,14999e-10
0000000001;00:00:01;0000001001;  54,56;  1,61249e-10
0000000001;00:00:01;0000001001;  54,60;  8,06240e-11
0000000001;00:00:01;0000001001;  54,64; -2,68749e-10
0000000001;00:00:01;0000001001;  54,68;  2,41874e-10
0000000001;00:00:01;0000001001;  54,72;  0,00000e+00
0000000001;00:00:01;0000001001;  54,76; -2,41874e-10
0000000001;00:00:01;0000001001;  54,80;  3,22499e-10
0000000001;00:00:01;0000001001;  54,84;  0,00000e+00
0000000001;00:00:01;0000001001;  54,88; -1,34374e-10
0000000001;00:00:01;0000001001;  54,92;  4,83749e-10
0000000001;00:00:01;0000001001;  54,96;  2,68749e-11
0000000001;00:00:01;0000001001;  55,00;  2,68749e-11
0000000001;00:00:01;0000001001;  55,04;  4,03124e-10
0000000001;00:00:01;0000001001;  55,08; -1,07499e-10
0000000001;00:00:01;0000001001;  55,12;  2,68749e-11
0000000001;00:00:01;0000001001;  55,16;  3,49374e-10
0000000001;00:00:01;0000001001;  55,20; -2,14999e-10
0000000001;00:00:01;0000001001;  55,24;  1,34374e-10
0000000001;00:00:01;0000001001;  55,28;  1,34374e-10
0000000001;00:00:01;0000001001;  55,32; -2,41874e-10
0000000001;00:00:01;0000001001;  55,36;  1,88124e-10
0000000001;00:00:01;0000001001;  55,40;  5,37499e-11
0000000001;00:00:01;0000001001;  55,44; -2,14999e-10
0000000001;00:00:01;0000001001;  55,48;  3,22499e-10
0000000001;00:00:01;0000001001;  55,52;  5,37499e-11
0000000001;00:00:01;0000001001;  55,56; -2,14999e-10
0000000001;00:00:01;0000001001;  55,60;  4,03124e-10
0000000001;00:00:01;0000001001;  55,64; -8,06240e-11
0000000001;00:00:01;0000001001;  55,68; -8,06240e-11
0000000001;00:00:01;0000001001;  55,72;  5,10624e-10
0000000001;00:00:01;0000001001;  55,76; -5,37499e-11
0000000001;00:00:01;0000001001;  55,80;  2,68749e-11
0000000001;00:00:01;0000001001;  55,84;  4,29999e-10
0000000001;00:00:01;0000001001;  55,88; -1,34374e-10
0000000001;00:00:01;0000001001;  55,92;  8,06240e-11
0000000001;00:00:01;0000001001;  55,96;  3,49374e-10
0000000001;00:00:01;0000001001;  56,00; -4,03124e-10
0000000001;00:00:01;0000001001;  56,04; -5,37499e-11
0000000001;00:00:01;0000001001;  56,08;  0,00000e+00
0000000001;00:00:01;0000001001;  56,12; -2,14999e-10
0000000001;00:00:01;0000001001;  56,16;  1,88124e-10
0000000001;00:00:01;0000001001;  56,20;  2,68749e-11
0000000001;00:00:01;0000001001;  56,24; -2,41874e-10
0000000001;00:00:01;0000001001;  56,28;  2,41874e-10
0000000001;00:00:01;0000001001;  56,32;  2,68749e-11
0000000001;00:00:01;0000001001;  56,36; -1,61249e-10
0000000001;00:00:01;0000001001;  56,40;  4,29999e-10
0000000001;00:00:01;0000001001;  56,44;  0,00000e+00
0000000001;00:00:01;0000001001;  56,48;  0,00000e+00
0000000001;00:00:01;0000001001;  56,52;  5,10624e-10
0000000001;00:00:01;0000001001;  56,56;  0,00000e+00
0000000001;00:00:01;0000001001;  56,60; -5,37499e-11
0000000001;00:00:01;0000001001;  56,64;  4,29999e-10
0000000001;00:00:01;0000001001;  56,68; -1,61249e-10
0000000001;00:00:01;0000001001;  56,72;  5,37499e-11
0000000001;00:00:01;0000001001;  56,76;  2,68749e-10
0000000001;00:00:01;0000001001;  56,80; -2,68749e-10
0000000001;00:00:01;0000001001;  56,84;  1,34374e-10
0000000001;00:00:01;0000001001;  56,88;  1,34374e-10
0000000001;00:00:01;0000001001;  56,92; -2,14999e-10
0000000001;00:00:01;0000001001;  56,96;  2,14999e-10
0000000001;00:00:01;0000001001;  57,00;  0,00000e+00
0000000001;00:00:01;0000001001;  57,04; -2,68749e-10
0000000001;00:00:01;0000001001;  57,08;  2,68749e-10
0000000001;00:00:01;0000001001;  57,12;  2,68749e-11
0000000001;00:00:01;0000001001;  57,16; -2,41874e-10
0000000001;00:00:01;0000001001;  57,20;  3,22499e-10
0000000001;00:00:01;0000001001;  57,24; -2,68749e-11
0000000001;00:00:01;0000001001;  57,28; -5,37499e-11
0000000001;00:00:01;0000001001;  57,32;  4,83749e-10
0000000001;00:00:01;0000001001;  57,36;  2,68749e-11
0000000001;00:00:01;0000001001;  57,40;  1,07499e-10
0000000001;00:00:01;0000001001;  57,44;  4,03124e-10
0000000001;00:00:01;0000001001;  57,48; -2,14999e-10
0000000001;00:00:01;0000001001;  57,52;  5,37499e-11
0000000001;00:00:01;0000001001;  57,56;  2,68749e-10
0000000001;00:00:01;0000001001;  57,60; -2,95624e-10
0000000001;00:00:01;0000001001;  57,64;  1,61249e-10
0000000001;00:00:01;0000001001;  57,68;  1,07499e-10
0000000001;00:00:01;0000001001;  57,72; -2,41874e-10
0000000001;00:00:01;0000001001;  57,76;  2,41874e-10
0000000001;00:00:01;0000001001;  57,80;  2,68749e-11
0000000001;00:00:01;0000001001;  57,84; -2,41874e-10
0000000001;00:00:01;0000001001;  57,88;  3,22499e-10
0000000001;00:00:01;0000001001;  57,92;  0,00000e+00
0000000001;00:00:01;0000001001;  57,96; -1,61249e-10
0000000001;00:00:01;0000001001;  58,00;  3,76249e-10
0000000001;00:00:01;0000001001;  58,04;  2,68749e-11
0000000001;00:00:01;0000001001;  58,08; -5,37499e-11
0000000001;00:00:01;0000001001;  58,12;  4,83749e-10
0000000001;00:00:01;0000001001;  58,16; -8,06240e-11
0000000001;00:00:01;0000001001;  58,20;  0,00000e+00
0000000001;00:00:01;0000001001;  58,24;  4,03124e-10
0000000001;00:00:01;0000001001;  58,28; -1,34374e-10
0000000001;00:00:01;0000001001;  58,32;  8,06240e-11
0000000001;00:00:01;0000001001;  58,36;  2,14999e-10
0000000001;00:00:01;0000001001;  58,40; -1,34374e-10
0000000001;00:00:01;0000001001;  58,44;  2,14999e-10
0000000001;00:00:01;0000001001;  58,48;  1,07499e-10
0000000001;00:00:01;0000001001;  58,52; -2,68749e-10
0000000001;00:00:01;0000001001;  58,56;  2,41874e-10
0000000001;00:00:01;0000001001;  58,60;  5,37499e-11
0000000001;00:00:01;0000001001;  58,64; -2,14999e-10
0000000001;00:00:01;0000001001;  58,68;  3,49374e-10
0000000001;00:00:01;0000001001;  58,72;  5,37499e-11
0000000001;00:00:01;0000001001;  58,76; -1,61249e-10
0000000001;00:00:01;0000001001;  58,80;  4,56874e-10
0000000001;00:00:01;0000001001;  58,84;  0,00000e+00
0000000001;00:00:01;0000001001;  58,88;  1,61249e-10
0000000001;00:00:01;0000001001;  58,92;  5,10624e-10
0000000001;00:00:01;0000001001;  58,96; -8,06240e-11
0000000001;00:00:01;0000001001;  59,00; -5,37499e-11
0000000001;00:00:01;0000001001;  59,04;  3,49374e-10
0000000001;00:00:01;0000001001;  59,08; -2,14999e-10
0000000001;00:00:01;0000001001;  59,12;  8,06240e-11
0000000001;00:00:01;0000001001;  59,16;  1,61249e-10
0000000001;00:00:01;0000001001;  59,20; -2,14999e-10
0000000001;00:00:01;0000001001;  59,24;  1,34374e-10
0000000001;00:00:01;0000001001;  59,28;  8,06240e-11
0000000001;00:00:01;0000001001;  59,32; -3,22499e-10
0000000001;00:00:01;0000001001;  59,36;  2,14999e-10
0000000001;00:00:01;0000001001;  59,40;  2,68749e-11
0000000001;00:00:01;0000001001;  59,44; -1,61249e-10
0000000001;00:00:01;0000001001;  59,48;  3,76249e-10
0000000001;00:00:01;0000001001;  59,52;  0,00000e+00
0000000001;00:00:01;0000001001;  59,56; -1,88124e-10
0000000001;00:00:01;0000001001;  59,60;  4,03124e-10
0000000001;00:00:01;0000001001;  59,64; -2,68749e-11
0000000001;00:00:01;0000001001;  59,68;  0,00000e+00
0000000001;00:00:01;0000001001;  59,72;  4,29999e-10
0000000001;00:00:01;0000001001;  59,76; -5,37499e-11
0000000001;00:00:01;0000001001;  59,80;  0,00000e+00
0000000001;00:00:01;0000001001;  59,84;  3,76249e-10
0000000001;00:00:01;0000001001;  59,88; -1,61249e-10
0000000001;00:00:01;0000001001;  59,92;  8,06240e-11
0000000001;00:00:01;0000001001;  59,96;  2,14999e-10
0000000001;00:00:01;0000001001;  60,00; -2,41874e-10
